Time,Temperature,Humidity
20260623T043215Z,22.1,84.9
20260623T043229Z,22.1,83.7
20260623T043244Z,22.1,83.0
20260623T043258Z,22.1,81.6
20260623T043313Z,22.1,82.5
20260623T043328Z,22.1,85.1
20260623T043343Z,22.1,88.0
20260623T043358Z,22.3,89.1
20260623T043413Z,22.5,89.3
20260623T043428Z,22.7,90.7
20260623T043443Z,22.9,90.2
20260623T043458Z,23.1,89.7
20260623T043513Z,23.3,90.2
20260623T043528Z,23.5,90.0
20260623T043543Z,23.7,90.6
20260623T043558Z,23.8,89.9
20260623T043613Z,24.0,89.3
20260623T043628Z,24.1,88.8
20260623T043643Z,24.3,88.9
20260623T043658Z,24.4,89.4
20260623T043713Z,24.5,88.8
20260623T043728Z,24.6,89.0
20260623T043743Z,24.7,88.8
20260623T043758Z,24.9,88.6
20260623T043813Z,24.9,88.7
20260623T043828Z,25.0,89.2
20260623T043843Z,25.1,88.5
20260623T043858Z,25.2,89.0
20260623T043913Z,25.3,88.9
20260623T043928Z,25.4,89.5
20260623T043943Z,25.4,89.3
20260623T043958Z,25.5,89.2
20260623T044013Z,25.6,89.4
20260623T044028Z,25.6,89.5
20260623T044043Z,25.7,89.3
20260623T044058Z,25.7,89.5
20260623T044114Z,25.8,89.5
20260623T044128Z,25.9,89.6
20260623T044143Z,25.9,89.7
20260623T044158Z,25.9,89.9
20260623T044213Z,26.0,89.9
20260623T044228Z,26.0,90.2
20260623T044243Z,26.1,90.2
20260623T044258Z,26.1,89.9
20260623T044313Z,26.2,90.0
20260623T044328Z,26.2,90.6
20260623T044343Z,26.2,90.6
20260623T044358Z,26.3,90.5
20260623T044414Z,26.3,89.2
20260623T044428Z,26.3,87.5
20260623T044443Z,26.3,84.2
20260623T044458Z,26.1,83.5
20260623T044513Z,25.9,82.4
20260623T044528Z,25.5,81.5
20260623T044543Z,25.2,80.6
20260623T044558Z,24.9,81.6
20260623T044613Z,24.7,82.9
20260623T044628Z,24.4,81.8
20260623T044643Z,24.3,82.1
20260623T044658Z,24.2,82.2
20260623T044713Z,24.0,80.1
20260623T044728Z,23.9,80.1
20260623T044743Z,23.7,79.2
20260623T044758Z,23.6,78.9
20260623T044813Z,23.4,79.2
20260623T044828Z,23.2,78.6
20260623T044843Z,23.1,77.9
20260623T044858Z,23.0,78.0
20260623T044913Z,22.9,77.4
20260623T044928Z,22.8,77.1
20260623T044943Z,22.7,76.5
20260623T044958Z,22.6,76.3
20260623T045013Z,22.5,76.0
20260623T045028Z,22.5,76.4
20260623T045043Z,22.4,75.4
20260623T045058Z,22.3,76.3
20260623T045113Z,22.4,80.1
20260623T045128Z,22.5,82.7
20260623T045143Z,22.6,83.8
20260623T045158Z,22.8,83.8
20260623T045213Z,23.0,84.4
20260623T045228Z,23.2,83.8
20260623T045243Z,23.4,83.7
20260623T045258Z,23.6,83.7
20260623T045313Z,23.7,83.4
20260623T045328Z,23.9,83.6
20260623T045343Z,24.0,83.7
20260623T045358Z,24.2,84.0
20260623T045413Z,24.3,83.7
20260623T045428Z,24.4,83.5
20260623T045443Z,24.5,84.2
20260623T045458Z,24.6,83.9
20260623T045513Z,24.7,83.8
20260623T045528Z,24.8,84.2
20260623T045543Z,24.9,84.7
20260623T045558Z,25.0,84.8
20260623T045613Z,25.1,84.9
20260623T045628Z,25.1,85.1
20260623T045643Z,25.2,85.4
20260623T045658Z,25.2,85.3
20260623T045713Z,25.3,85.3
20260623T045728Z,25.4,85.4
20260623T045743Z,25.5,85.9
20260623T045758Z,25.5,85.7
20260623T045813Z,25.6,86.0
20260623T045828Z,25.6,86.3
20260623T045843Z,25.7,86.4
20260623T045858Z,25.7,86.8
20260623T045913Z,25.7,86.8
20260623T045928Z,25.8,87.0
20260623T045943Z,25.8,86.8
20260623T045958Z,25.8,87.2
20260623T050013Z,25.9,87.3
20260623T050028Z,25.9,87.5
20260623T050043Z,26.0,87.5
20260623T050058Z,26.0,88.0
20260623T050113Z,26.0,88.1
20260623T050128Z,26.0,88.0
20260623T050143Z,26.1,88.2
20260623T050158Z,26.1,88.1
20260623T050214Z,26.1,88.5
20260623T050228Z,26.2,88.5
20260623T050243Z,26.2,88.7
20260623T050258Z,26.3,88.7
20260623T050313Z,26.3,88.9
20260623T050328Z,26.4,88.4
20260623T050343Z,26.4,88.0
20260623T050358Z,26.4,83.9
20260623T050413Z,26.2,81.8
20260623T050428Z,26.0,81.9
20260623T050443Z,25.8,80.7
20260623T050458Z,25.4,80.5
20260623T050513Z,25.0,79.5
20260623T050528Z,24.8,79.7
20260623T050543Z,24.5,81.3
20260623T050558Z,24.2,80.2
20260623T050613Z,24.0,79.8
20260623T050628Z,23.9,79.6
20260623T050643Z,23.8,79.3
20260623T050658Z,23.6,78.6
20260623T050713Z,23.5,78.8
20260623T050728Z,23.3,78.1
20260623T050743Z,23.2,77.4
20260623T050758Z,23.0,76.8
20260623T050813Z,22.8,76.9
20260623T050828Z,22.6,76.7
20260623T050843Z,22.5,76.2
20260623T050858Z,22.4,76.1
20260623T050913Z,22.4,75.3
20260623T050928Z,22.2,76.9
20260623T050943Z,22.2,80.8
20260623T050958Z,22.3,83.7
20260623T051013Z,22.5,85.4
20260623T051028Z,22.6,86.0
20260623T051043Z,22.8,85.5
20260623T051058Z,23.0,84.9
20260623T051113Z,23.2,85.7
20260623T051128Z,23.4,84.9
20260623T051143Z,23.6,85.7
20260623T051158Z,23.7,85.9
20260623T051213Z,23.9,85.6
20260623T051228Z,24.0,85.6
20260623T051243Z,24.1,86.1
20260623T051258Z,24.2,85.9
20260623T051313Z,24.3,86.3
20260623T051329Z,24.4,86.7
20260623T051343Z,24.5,86.5
20260623T051359Z,24.6,86.5
20260623T051413Z,24.6,86.9
20260623T051429Z,24.7,86.9
20260623T051443Z,24.8,87.1
20260623T051459Z,24.9,87.4
20260623T051513Z,24.9,87.1
20260623T051528Z,25.0,87.3
20260623T051544Z,25.1,87.5
20260623T051558Z,25.1,88.0
20260623T051614Z,25.1,88.2
20260623T051629Z,25.2,88.5
20260623T051643Z,25.2,88.3
20260623T051659Z,25.3,88.5
20260623T051713Z,25.3,88.2
20260623T051729Z,25.4,88.8
20260623T051743Z,25.4,88.8
20260623T051759Z,25.4,89.1
20260623T051813Z,25.5,89.2
20260623T051829Z,25.5,89.5
20260623T051843Z,25.6,89.5
20260623T051859Z,25.6,89.6
20260623T051913Z,25.6,89.8
20260623T051928Z,25.7,90.1
20260623T051944Z,25.7,90.2
20260623T051958Z,25.7,90.1
20260623T052013Z,25.7,90.1
20260623T052029Z,25.8,90.3
20260623T052043Z,25.8,90.6
20260623T052059Z,25.8,90.7
20260623T052113Z,25.9,90.6
20260623T052129Z,25.9,90.5
20260623T052143Z,25.9,90.8
20260623T052158Z,26.0,90.7
20260623T052213Z,26.0,91.2
20260623T052229Z,26.0,91.4
20260623T052243Z,26.0,91.2
20260623T052259Z,26.0,90.9
20260623T052313Z,26.1,91.5
20260623T052329Z,26.1,91.3
20260623T052343Z,26.2,91.3
20260623T052359Z,26.2,91.5
20260623T052413Z,26.2,89.6
20260623T052429Z,26.2,88.9
20260623T052443Z,26.2,85.2
20260623T052458Z,26.0,84.7
20260623T052514Z,25.7,83.0
20260623T052529Z,25.4,82.9
20260623T052543Z,25.0,82.6
20260623T052558Z,24.7,82.2
20260623T052614Z,24.4,82.6
20260623T052628Z,24.2,83.6
20260623T052644Z,24.0,82.5
20260623T052658Z,23.7,82.2
20260623T052714Z,23.6,83.0
20260623T052728Z,23.4,82.4
20260623T052744Z,23.3,81.4
20260623T052758Z,23.1,81.4
20260623T052814Z,23.0,80.8
20260623T052828Z,22.8,79.9
20260623T052844Z,22.6,79.5
20260623T052858Z,22.5,79.6
20260623T052913Z,22.3,78.8
20260623T052929Z,22.2,78.7
20260623T052944Z,22.1,82.6
20260623T052958Z,22.2,85.7
20260623T053014Z,22.3,87.8
20260623T053028Z,22.5,88.8
20260623T053044Z,22.7,88.3
20260623T053058Z,22.9,87.9
20260623T053114Z,23.1,87.8
20260623T053129Z,23.3,88.1
20260623T053143Z,23.5,87.8
20260623T053159Z,23.7,87.7
20260623T053214Z,23.8,87.2
20260623T053228Z,23.9,87.7
20260623T053244Z,24.1,87.7
20260623T053258Z,24.2,87.9
20260623T053314Z,24.3,87.9
20260623T053328Z,24.4,88.2
20260623T053344Z,24.5,88.1
20260623T053358Z,24.5,88.3
20260623T053414Z,24.6,88.5
20260623T053428Z,24.7,88.5
20260623T053444Z,24.8,89.0
20260623T053458Z,24.8,89.2
20260623T053513Z,24.9,89.4
20260623T053529Z,24.9,89.4
20260623T053543Z,25.0,89.1
20260623T053559Z,25.0,89.6
20260623T053613Z,25.1,89.6
20260623T053629Z,25.1,90.0
20260623T053643Z,25.2,89.9
20260623T053659Z,25.2,90.1
20260623T053713Z,25.3,90.1
20260623T053729Z,25.3,90.0
20260623T053744Z,25.4,90.1
20260623T053759Z,25.4,90.4
20260623T053814Z,25.5,90.5
20260623T053828Z,25.5,90.7
20260623T053843Z,25.5,90.4
20260623T053859Z,25.6,90.6
20260623T053914Z,25.6,90.9
20260623T053929Z,25.6,91.0
20260623T053943Z,25.7,90.7
20260623T053959Z,25.7,90.6
20260623T054013Z,25.8,91.2
20260623T054029Z,25.8,91.3
20260623T054043Z,25.8,91.5
20260623T054059Z,25.8,91.5
20260623T054114Z,25.8,91.6
20260623T054129Z,25.9,91.9
20260623T054144Z,25.9,91.8
20260623T054159Z,25.9,91.9
20260623T054213Z,26.0,92.0
20260623T054229Z,26.0,92.0
20260623T054243Z,26.0,92.0
20260623T054259Z,26.0,91.9
20260623T054313Z,26.1,92.0
20260623T054329Z,26.1,92.4
20260623T054343Z,26.1,92.3
20260623T054359Z,26.2,92.4
20260623T054413Z,26.2,92.5
20260623T054429Z,26.2,91.1
20260623T054443Z,26.2,87.4
20260623T054459Z,26.0,85.1
20260623T054513Z,25.8,85.0
20260623T054529Z,25.4,83.0
20260623T054543Z,25.1,83.5
20260623T054559Z,24.8,84.0
20260623T054613Z,24.5,83.2
20260623T054629Z,24.3,84.5
20260623T054643Z,24.1,84.5
20260623T054659Z,23.9,83.2
20260623T054713Z,23.7,83.3
20260623T054729Z,23.6,82.7
20260623T054743Z,23.4,81.8
20260623T054759Z,23.2,81.2
20260623T054814Z,23.0,81.0
20260623T054829Z,22.9,80.8
20260623T054843Z,22.7,80.2
20260623T054858Z,22.6,80.4
20260623T054914Z,22.5,79.0
20260623T054928Z,22.4,79.5
20260623T054943Z,22.3,79.4
20260623T054959Z,22.2,83.9
20260623T055013Z,22.3,86.6
20260623T055028Z,22.4,87.6
20260623T055043Z,22.6,87.8
20260623T055059Z,22.8,87.5
20260623T055114Z,23.0,87.7
20260623T055129Z,23.2,87.3
20260623T055143Z,23.4,87.9
20260623T055159Z,23.6,87.9
20260623T055213Z,23.7,88.2
20260623T055229Z,23.8,87.9
20260623T055243Z,23.9,88.1
20260623T055259Z,24.0,88.1
20260623T055313Z,24.2,88.2
20260623T055329Z,24.2,88.6
20260623T055343Z,24.3,88.8
20260623T055358Z,24.4,88.6
20260623T055413Z,24.5,88.4
20260623T055428Z,24.6,88.3
20260623T055443Z,24.7,88.4
20260623T055459Z,24.7,88.9
20260623T055513Z,24.8,89.0
20260623T055529Z,24.9,89.0
20260623T055543Z,24.9,88.9
20260623T055559Z,25.0,89.0
20260623T055613Z,25.0,89.2
20260623T055629Z,25.1,89.4
20260623T055643Z,25.2,89.7
20260623T055659Z,25.2,89.7
20260623T055713Z,25.3,89.7
20260623T055728Z,25.3,90.4
20260623T055743Z,25.4,90.4
20260623T055759Z,25.4,90.6
20260623T055813Z,25.5,90.8
20260623T055829Z,25.5,90.9
20260623T055843Z,25.5,91.0
20260623T055859Z,25.6,91.1
20260623T055913Z,25.6,91.1
20260623T055929Z,25.6,91.4
20260623T055943Z,25.6,91.5
20260623T055959Z,25.7,91.4
20260623T060014Z,25.7,91.7
20260623T060029Z,25.7,91.8
20260623T060044Z,25.7,92.0
20260623T060058Z,25.7,92.0
20260623T060114Z,25.8,92.0
20260623T060128Z,25.8,92.3
20260623T060144Z,25.8,92.3
20260623T060158Z,25.8,92.4
20260623T060214Z,25.8,92.3
20260623T060228Z,25.9,92.6
20260623T060244Z,25.9,92.7
20260623T060258Z,25.9,92.8
20260623T060314Z,25.9,92.9
20260623T060329Z,25.9,93.0
20260623T060343Z,26.0,92.9
20260623T060358Z,26.0,93.0
20260623T060413Z,26.0,92.9
20260623T060429Z,26.0,93.1
20260623T060443Z,26.1,91.5
20260623T060459Z,26.1,91.2
20260623T060513Z,26.0,86.6
20260623T060529Z,25.8,85.1
20260623T060543Z,25.6,84.0
20260623T060559Z,25.3,82.7
20260623T060613Z,24.9,84.1
20260623T060628Z,24.6,83.8
20260623T060644Z,24.3,83.9
20260623T060658Z,24.1,84.8
20260623T060713Z,23.9,84.1
20260623T060728Z,23.7,83.2
20260623T060744Z,23.5,82.9
20260623T060758Z,23.4,83.1
20260623T060814Z,23.2,82.6
20260623T060828Z,23.0,82.0
20260623T060844Z,22.9,81.3
20260623T060858Z,22.7,80.8
20260623T060914Z,22.6,80.7
20260623T060928Z,22.5,80.0
20260623T060944Z,22.3,79.2
20260623T060958Z,22.2,78.6
20260623T061013Z,22.1,81.8
20260623T061029Z,22.1,85.6
20260623T061043Z,22.2,87.3
20260623T061059Z,22.4,88.0
20260623T061114Z,22.5,88.5
20260623T061129Z,22.7,88.0
20260623T061143Z,22.9,87.8
20260623T061159Z,23.1,88.2
20260623T061213Z,23.3,87.8
20260623T061229Z,23.4,88.3
20260623T061244Z,23.6,88.5
20260623T061259Z,23.7,88.4
20260623T061314Z,23.8,88.3
20260623T061328Z,23.9,88.5
20260623T061343Z,24.1,88.1
20260623T061359Z,24.1,88.1
20260623T061413Z,24.2,88.4
20260623T061429Z,24.3,88.8
20260623T061443Z,24.4,88.8
20260623T061459Z,24.5,89.0
20260623T061513Z,24.5,89.1
20260623T061529Z,24.6,89.2
20260623T061544Z,24.7,89.3
20260623T061559Z,24.7,89.4
20260623T061614Z,24.8,89.6
20260623T061629Z,24.8,89.5
20260623T061644Z,24.9,89.6
20260623T061659Z,24.9,89.9
20260623T061714Z,25.0,89.9
20260623T061729Z,25.0,89.9
20260623T061744Z,25.1,90.0
20260623T061759Z,25.1,90.2
20260623T061814Z,25.1,90.4
20260623T061829Z,25.2,90.6
20260623T061844Z,25.2,90.6
20260623T061859Z,25.3,90.5
20260623T061914Z,25.3,90.8
20260623T061929Z,25.3,91.0
20260623T061944Z,25.4,90.7
20260623T061959Z,25.4,90.9
20260623T062014Z,25.5,91.0
20260623T062029Z,25.5,91.3
20260623T062044Z,25.5,91.5
20260623T062059Z,25.5,91.5
20260623T062114Z,25.6,91.6
20260623T062129Z,25.6,91.6
20260623T062144Z,25.6,91.7
20260623T062159Z,25.7,91.8
20260623T062214Z,25.7,92.0
20260623T062229Z,25.7,92.0
20260623T062244Z,25.7,92.1
20260623T062259Z,25.8,92.2
20260623T062314Z,25.8,92.4
20260623T062329Z,25.8,92.4
20260623T062344Z,25.9,92.4
20260623T062359Z,25.9,92.4
20260623T062414Z,25.9,92.5
20260623T062429Z,25.9,92.6
20260623T062444Z,26.0,92.7
20260623T062459Z,26.0,92.7
20260623T062514Z,26.0,92.9
20260623T062529Z,26.0,93.0
20260623T062544Z,26.0,93.1
20260623T062559Z,26.1,93.1
20260623T062614Z,26.1,93.0
20260623T062629Z,26.1,93.1
20260623T062644Z,26.1,93.2
20260623T062659Z,26.2,93.3
20260623T062714Z,26.2,93.4
20260623T062729Z,26.2,92.2
20260623T062744Z,26.2,91.9
20260623T062759Z,26.1,87.7
20260623T062814Z,26.0,85.9
20260623T062829Z,25.8,85.2
20260623T062844Z,25.6,83.8
20260623T062859Z,25.2,83.1
20260623T062914Z,24.8,84.1
20260623T062929Z,24.6,84.3
20260623T062944Z,24.3,83.8
20260623T062959Z,24.0,83.4
20260623T063014Z,23.8,83.6
20260623T063029Z,23.6,84.2
20260623T063044Z,23.4,82.9
20260623T063059Z,23.2,82.4
20260623T063114Z,23.1,81.6
20260623T063129Z,22.9,82.0
20260623T063144Z,22.7,81.9
20260623T063159Z,22.5,80.9
20260623T063214Z,22.4,80.9
20260623T063229Z,22.3,80.3
20260623T063244Z,22.2,80.9
20260623T063259Z,22.2,84.7
20260623T063314Z,22.3,87.5
20260623T063329Z,22.4,88.9
20260623T063344Z,22.6,89.1
20260623T063359Z,22.8,89.4
20260623T063414Z,23.0,89.1
20260623T063429Z,23.2,88.5
20260623T063444Z,23.3,88.4
20260623T063459Z,23.5,88.6
20260623T063514Z,23.6,88.6
20260623T063529Z,23.8,88.9
20260623T063544Z,23.9,88.7
20260623T063559Z,24.0,89.0
20260623T063614Z,24.1,89.1
20260623T063629Z,24.2,89.1
20260623T063644Z,24.3,89.0
20260623T063659Z,24.3,89.4
20260623T063714Z,24.4,89.4
20260623T063729Z,24.5,89.5
20260623T063744Z,24.6,89.4
20260623T063759Z,24.6,89.6
20260623T063814Z,24.7,89.6
20260623T063829Z,24.8,89.8
20260623T063844Z,24.8,89.8
20260623T063859Z,24.9,89.7
20260623T063914Z,24.9,90.1
20260623T063929Z,25.0,90.2
20260623T063944Z,25.0,90.3
20260623T063959Z,25.1,90.4
20260623T064014Z,25.1,90.6
20260623T064029Z,25.2,90.5
20260623T064044Z,25.2,90.8
20260623T064059Z,25.2,90.9
20260623T064114Z,25.3,91.0
20260623T064129Z,25.3,91.2
20260623T064144Z,25.3,91.1
20260623T064159Z,25.4,91.1
20260623T064214Z,25.4,91.3
20260623T064229Z,25.4,91.5
20260623T064244Z,25.5,91.6
20260623T064259Z,25.5,91.6
20260623T064314Z,25.6,92.1
20260623T064329Z,25.6,92.1
20260623T064344Z,25.7,92.3
20260623T064359Z,25.7,91.8
20260623T064414Z,25.8,91.5
20260623T064429Z,25.9,91.6
20260623T064444Z,25.9,91.8
20260623T064459Z,26.0,91.6
20260623T064514Z,26.0,91.6
20260623T064529Z,26.1,91.6
20260623T064544Z,26.1,91.6
20260623T064559Z,26.2,91.9
20260623T064614Z,26.2,91.7
20260623T064629Z,26.3,92.0
20260623T064644Z,26.3,92.0
20260623T064659Z,26.3,91.9
20260623T064714Z,26.3,91.9
20260623T064729Z,26.4,92.1
20260623T064744Z,26.4,91.6
20260623T064759Z,26.4,90.9
20260623T064814Z,26.4,86.5
20260623T064829Z,26.3,84.2
20260623T064844Z,26.1,84.1
20260623T064859Z,25.8,82.9
20260623T064914Z,25.4,81.9
20260623T064929Z,25.0,82.1
20260623T064944Z,24.7,83.1
20260623T064959Z,24.4,83.5
20260623T065014Z,24.2,83.3
20260623T065029Z,24.1,82.8
20260623T065044Z,23.9,82.6
20260623T065059Z,23.7,82.2
20260623T065114Z,23.5,81.9
20260623T065129Z,23.4,81.8
20260623T065144Z,23.2,80.9
20260623T065159Z,23.1,80.7
20260623T065214Z,23.0,79.8
20260623T065229Z,22.9,78.9
20260623T065244Z,22.8,78.7
20260623T065259Z,22.7,78.4
20260623T065314Z,22.6,78.2
20260623T065329Z,22.5,78.3
20260623T065344Z,22.4,76.9
20260623T065359Z,22.3,77.5
20260623T065414Z,22.3,81.8
20260623T065429Z,22.4,84.7
20260623T065444Z,22.6,85.6
20260623T065459Z,22.7,86.0
20260623T065514Z,22.9,86.8
20260623T065529Z,23.2,86.1
20260623T065544Z,23.3,86.2
20260623T065559Z,23.5,85.5
20260623T065614Z,23.7,85.6
20260623T065629Z,23.8,85.6
20260623T065644Z,24.0,86.0
20260623T065659Z,24.1,85.8
20260623T065714Z,24.2,85.9
20260623T065729Z,24.3,86.0
20260623T065744Z,24.4,86.1
20260623T065759Z,24.5,85.9
20260623T065814Z,24.6,86.0
20260623T065829Z,24.7,86.1
20260623T065844Z,24.8,86.4
20260623T065859Z,24.9,86.6
20260623T065914Z,25.0,86.3
20260623T065929Z,25.0,86.8
20260623T065944Z,25.1,87.1
20260623T065959Z,25.2,86.8
20260623T070014Z,25.2,87.1
20260623T070029Z,25.3,86.9
20260623T070044Z,25.3,87.5
20260623T070059Z,25.4,87.4
20260623T070114Z,25.5,87.5
20260623T070129Z,25.5,87.7
20260623T070144Z,25.6,87.7
20260623T070159Z,25.6,87.8
20260623T070214Z,25.7,87.8
20260623T070229Z,25.8,87.6
20260623T070244Z,25.8,88.0
20260623T070259Z,25.8,88.3
20260623T070314Z,25.9,88.6
20260623T070329Z,25.9,88.5
20260623T070344Z,25.9,88.8
20260623T070359Z,26.0,88.6
20260623T070414Z,26.0,88.9
20260623T070429Z,26.1,89.2
20260623T070444Z,26.1,88.9
20260623T070459Z,26.1,89.5
20260623T070514Z,26.2,89.3
20260623T070529Z,26.2,89.5
20260623T070544Z,26.2,89.7
20260623T070559Z,26.2,89.7
20260623T070614Z,26.2,89.9
20260623T070629Z,26.3,89.8
20260623T070644Z,26.3,90.3
20260623T070659Z,26.3,90.2
20260623T070714Z,26.4,90.4
20260623T070729Z,26.4,90.0
20260623T070744Z,26.5,90.3
20260623T070759Z,26.5,90.2
20260623T070814Z,26.4,88.7
20260623T070829Z,26.4,86.7
20260623T070844Z,26.3,83.9
20260623T070859Z,26.2,83.1
20260623T070914Z,25.9,83.1
20260623T070929Z,25.6,81.9
20260623T070944Z,25.2,80.3
20260623T070959Z,24.8,81.5
20260623T071014Z,24.5,82.5
20260623T071029Z,24.2,81.3
20260623T071044Z,24.0,81.5
20260623T071059Z,23.8,82.5
20260623T071114Z,23.5,81.4
20260623T071129Z,23.4,80.7
20260623T071144Z,23.2,80.2
20260623T071159Z,23.0,79.6
20260623T071214Z,22.8,80.0
20260623T071229Z,22.7,79.6
20260623T071244Z,22.5,79.8
20260623T071259Z,22.4,78.9
20260623T071314Z,22.3,78.1
20260623T071329Z,22.1,78.3
20260623T071344Z,22.0,78.1
20260623T071359Z,21.9,78.3
20260623T071414Z,21.8,79.6
20260623T071429Z,21.9,83.4
20260623T071444Z,22.0,85.9
20260623T071459Z,22.2,86.6
20260623T071514Z,22.4,85.7
20260623T071529Z,22.6,86.4
20260623T071544Z,22.9,86.2
20260623T071559Z,23.1,85.9
20260623T071614Z,23.2,85.7
20260623T071629Z,23.4,86.2
20260623T071644Z,23.6,85.6
20260623T071659Z,23.8,86.0
20260623T071714Z,23.9,86.0
20260623T071729Z,24.0,86.0
20260623T071744Z,24.1,86.4
20260623T071759Z,24.2,86.7
20260623T071814Z,24.3,86.9
20260623T071829Z,24.4,87.0
20260623T071844Z,24.4,87.1
20260623T071859Z,24.5,87.2
20260623T071914Z,24.5,87.4
20260623T071929Z,24.6,87.7
20260623T071944Z,24.7,88.3
20260623T071959Z,24.7,88.4
20260623T072014Z,24.8,88.4
20260623T072029Z,24.8,88.7
20260623T072044Z,24.9,88.7
20260623T072059Z,24.9,88.7
20260623T072114Z,25.0,89.0
20260623T072129Z,25.0,89.0
20260623T072144Z,25.1,89.4
20260623T072159Z,25.1,89.4
20260623T072214Z,25.1,89.4
20260623T072229Z,25.2,89.7
20260623T072244Z,25.2,89.7
20260623T072259Z,25.3,89.9
20260623T072314Z,25.3,90.0
20260623T072329Z,25.4,90.1
20260623T072344Z,25.4,90.1
20260623T072359Z,25.4,90.5
20260623T072414Z,25.5,90.6
20260623T072429Z,25.5,90.6
20260623T072444Z,25.5,90.6
20260623T072459Z,25.6,90.7
20260623T072514Z,25.6,90.8
20260623T072529Z,25.6,91.0
20260623T072544Z,25.7,91.2
20260623T072559Z,25.7,91.3
20260623T072614Z,25.7,91.2
20260623T072629Z,25.7,91.5
20260623T072644Z,25.8,91.6
20260623T072659Z,25.8,91.6
20260623T072714Z,25.8,91.7
20260623T072729Z,25.8,91.8
20260623T072744Z,25.9,91.9
20260623T072759Z,25.9,92.0
20260623T072814Z,25.9,91.9
20260623T072829Z,25.9,92.0
20260623T072844Z,26.0,92.2
20260623T072859Z,26.0,92.3
20260623T072914Z,26.0,92.4
20260623T072929Z,26.0,92.5
20260623T072944Z,26.1,92.6
20260623T072959Z,26.1,92.7
20260623T073014Z,26.1,92.7
20260623T073029Z,26.1,92.8
20260623T073044Z,26.2,92.5
20260623T073059Z,26.1,91.6
20260623T073114Z,26.1,86.7
20260623T073129Z,26.0,85.4
20260623T073144Z,25.7,83.7
20260623T073159Z,25.5,83.6
20260623T073214Z,25.2,82.3
20260623T073229Z,24.9,83.0
20260623T073244Z,24.5,82.4
20260623T073259Z,24.2,83.1
20260623T073314Z,23.9,81.9
20260623T073329Z,23.6,82.9
20260623T073344Z,23.5,83.2
20260623T073359Z,23.3,82.2
20260623T073414Z,23.2,83.1
20260623T073429Z,23.0,82.1
20260623T073444Z,22.9,81.4
20260623T073459Z,22.8,80.8
20260623T073514Z,22.6,80.5
20260623T073529Z,22.5,80.6
20260623T073544Z,22.5,80.5
20260623T073559Z,22.4,81.0
20260623T073614Z,22.4,84.6
20260623T073629Z,22.5,87.4
20260623T073644Z,22.6,88.2
20260623T073659Z,22.8,88.6
20260623T073714Z,23.0,88.5
20260623T073729Z,23.2,88.2
20260623T073744Z,23.4,88.5
20260623T073759Z,23.5,88.2
20260623T073814Z,23.6,88.3
20260623T073829Z,23.8,88.3
20260623T073844Z,23.9,88.4
20260623T073859Z,24.0,88.8
20260623T073914Z,24.1,88.9
20260623T073929Z,24.2,89.1
20260623T073944Z,24.3,88.7
20260623T073959Z,24.4,89.0
20260623T074014Z,24.4,88.9
20260623T074029Z,24.5,89.2
20260623T074044Z,24.6,89.0
20260623T074059Z,24.7,89.2
20260623T074114Z,24.7,89.2
20260623T074129Z,24.8,89.5
20260623T074144Z,24.9,89.4
20260623T074159Z,24.9,89.6
20260623T074214Z,25.0,89.8
20260623T074229Z,25.0,89.8
20260623T074244Z,25.1,89.9
20260623T074259Z,25.1,90.0
20260623T074314Z,25.2,90.2
20260623T074329Z,25.2,90.1
20260623T074344Z,25.3,90.4
20260623T074359Z,25.3,90.6
20260623T074414Z,25.3,90.5
20260623T074429Z,25.4,90.8
20260623T074444Z,25.4,91.0
20260623T074459Z,25.5,91.2
20260623T074514Z,25.5,91.3
20260623T074529Z,25.5,91.3
20260623T074544Z,25.5,91.5
20260623T074559Z,25.6,91.5
20260623T074614Z,25.6,91.5
20260623T074629Z,25.6,91.6
20260623T074644Z,25.7,91.6
20260623T074659Z,25.7,91.8
20260623T074714Z,25.7,91.8
20260623T074729Z,25.8,91.8
20260623T074744Z,25.8,92.1
20260623T074759Z,25.8,92.4
20260623T074814Z,25.9,92.5
20260623T074829Z,25.9,92.5
20260623T074844Z,25.9,92.5
20260623T074859Z,25.9,92.4
20260623T074914Z,26.0,92.7
20260623T074929Z,26.0,92.7
20260623T074944Z,26.0,92.9
20260623T074959Z,26.0,93.1
20260623T075014Z,26.0,93.0
20260623T075029Z,26.1,93.1
20260623T075044Z,26.1,93.2
20260623T075059Z,26.1,91.8
20260623T075114Z,26.0,88.6
20260623T075129Z,26.0,84.9
20260623T075144Z,25.7,84.4
20260623T075159Z,25.5,83.5
20260623T075214Z,25.2,83.1
20260623T075229Z,24.8,83.9
20260623T075244Z,24.5,83.2
20260623T075259Z,24.2,83.6
20260623T075314Z,24.0,82.6
20260623T075329Z,23.7,83.5
20260623T075344Z,23.5,84.1
20260623T075359Z,23.4,83.2
20260623T075414Z,23.3,83.0
20260623T075429Z,23.2,82.5
20260623T075444Z,23.0,81.6
20260623T075459Z,22.9,81.7
20260623T075514Z,22.8,80.9
20260623T075529Z,22.7,80.0
20260623T075544Z,22.6,79.6
20260623T075559Z,22.5,78.6
20260623T075614Z,22.4,80.1
20260623T075629Z,22.4,83.5
20260623T075644Z,22.5,86.0
20260623T075659Z,22.6,87.2
20260623T075714Z,22.8,87.7
20260623T075729Z,22.9,87.4
20260623T075744Z,23.1,87.7
20260623T075759Z,23.3,87.6
20260623T075814Z,23.5,87.8
20260623T075829Z,23.6,87.6
20260623T075844Z,23.7,87.7
20260623T075859Z,23.9,88.0
20260623T075914Z,23.9,88.4
20260623T075929Z,24.0,88.1
20260623T075944Z,24.1,88.2
20260623T075959Z,24.2,88.4
20260623T080014Z,24.3,88.6
20260623T080029Z,24.4,88.7
20260623T080044Z,24.5,88.8
20260623T080059Z,24.5,88.9
20260623T080114Z,24.6,88.8
20260623T080129Z,24.7,88.9
20260623T080144Z,24.7,89.2
20260623T080159Z,24.8,89.5
20260623T080214Z,24.9,89.4
20260623T080229Z,24.9,89.5
20260623T080244Z,25.0,89.7
20260623T080259Z,25.0,89.9
20260623T080314Z,25.0,90.0
20260623T080329Z,25.1,90.2
20260623T080344Z,25.1,90.2
20260623T080359Z,25.2,90.1
20260623T080414Z,25.2,90.4
20260623T080429Z,25.3,90.5
20260623T080444Z,25.3,90.5
20260623T080459Z,25.3,90.6
20260623T080514Z,25.4,90.9
20260623T080529Z,25.4,91.0
20260623T080544Z,25.4,91.1
20260623T080559Z,25.5,91.2
20260623T080614Z,25.5,91.4
20260623T080629Z,25.5,91.1
20260623T080644Z,25.6,91.4
20260623T080659Z,25.6,91.6
20260623T080714Z,25.7,91.8
20260623T080729Z,25.7,91.9
20260623T080744Z,25.8,92.1
20260623T080759Z,25.8,92.2
20260623T080814Z,25.8,92.2
20260623T080829Z,25.8,92.0
20260623T080844Z,25.9,92.4
20260623T080859Z,25.9,92.5
20260623T080914Z,25.9,92.5
20260623T080929Z,25.9,92.7
20260623T080944Z,26.0,92.8
20260623T080959Z,26.0,92.8
20260623T081014Z,26.0,92.9
20260623T081029Z,26.0,93.1
20260623T081044Z,26.0,93.1
20260623T081059Z,26.1,92.8
20260623T081114Z,26.0,91.8
20260623T081129Z,26.0,87.0
20260623T081144Z,25.9,85.6
20260623T081159Z,25.6,84.9
20260623T081214Z,25.4,83.5
20260623T081229Z,25.1,83.5
20260623T081244Z,24.8,83.3
20260623T081259Z,24.5,83.1
20260623T081314Z,24.1,82.9
20260623T081329Z,23.8,83.1
20260623T081344Z,23.6,83.4
20260623T081359Z,23.4,83.6
20260623T081414Z,23.3,83.1
20260623T081429Z,23.1,82.0
20260623T081444Z,23.0,81.6
20260623T081459Z,22.9,82.3
20260623T081514Z,22.8,81.5
20260623T081529Z,22.7,80.4
20260623T081544Z,22.5,80.2
20260623T081559Z,22.5,79.8
20260623T081614Z,22.4,80.1
20260623T081629Z,22.4,84.4
20260623T081644Z,22.4,86.5
20260623T081659Z,22.5,87.6
20260623T081714Z,22.7,88.5
20260623T081729Z,22.9,88.3
20260623T081744Z,23.0,88.1
20260623T081759Z,23.2,87.7
20260623T081814Z,23.4,87.9
20260623T081829Z,23.5,88.3
20260623T081844Z,23.6,88.4
20260623T081859Z,23.8,88.3
20260623T081914Z,23.9,88.4
20260623T081929Z,24.0,88.6
20260623T081944Z,24.1,88.8
20260623T081959Z,24.1,88.8
20260623T082014Z,24.2,89.5
20260623T082029Z,24.3,89.1
20260623T082044Z,24.4,88.7
20260623T082059Z,24.6,88.7
20260623T082114Z,24.7,88.7
20260623T082129Z,24.8,88.8
20260623T082144Z,24.9,88.9
20260623T082159Z,24.9,88.5
20260623T082214Z,25.0,88.8
20260623T082229Z,25.1,89.0
20260623T082244Z,25.2,88.8
20260623T082259Z,25.2,89.1
20260623T082314Z,25.3,89.1
20260623T082329Z,25.3,89.2
20260623T082344Z,25.4,89.4
20260623T082359Z,25.4,89.3
20260623T082414Z,25.5,89.5
20260623T082429Z,25.5,89.6
20260623T082444Z,25.6,90.0
20260623T082459Z,25.6,89.8
20260623T082514Z,25.7,90.1
20260623T082529Z,25.7,90.1
20260623T082544Z,25.7,90.3
20260623T082559Z,25.8,90.4
20260623T082614Z,25.8,90.5
20260623T082629Z,25.8,90.8
20260623T082644Z,25.8,90.6
20260623T082659Z,25.9,90.9
20260623T082714Z,25.9,90.8
20260623T082729Z,25.9,91.1
20260623T082744Z,25.9,91.2
20260623T082759Z,26.0,91.3
20260623T082814Z,26.0,91.5
20260623T082829Z,26.0,91.5
20260623T082844Z,26.0,91.5
20260623T082859Z,26.1,91.7
20260623T082914Z,26.1,91.7
20260623T082929Z,26.1,91.8
20260623T082944Z,26.2,91.8
20260623T082959Z,26.2,91.9
20260623T083015Z,26.2,92.0
20260623T083030Z,26.2,92.2
20260623T083044Z,26.3,90.7
20260623T083059Z,26.3,91.1
20260623T083114Z,26.2,87.2
20260623T083129Z,26.2,84.3
20260623T083144Z,25.9,83.5
20260623T083159Z,25.7,83.0
20260623T083214Z,25.3,81.8
20260623T083229Z,24.9,83.0
20260623T083244Z,24.7,83.0
20260623T083259Z,24.4,82.4
20260623T083314Z,24.2,82.5
20260623T083329Z,23.9,82.1
20260623T083344Z,23.7,83.5
20260623T083359Z,23.6,81.8
20260623T083414Z,23.4,81.9
20260623T083429Z,23.3,81.7
20260623T083444Z,23.2,82.4
20260623T083459Z,23.2,81.6
20260623T083514Z,23.0,79.4
20260623T083529Z,22.7,80.2
20260623T083544Z,22.6,79.7
20260623T083559Z,22.4,79.4
20260623T083614Z,22.3,78.4
20260623T083629Z,22.1,79.8
20260623T083644Z,22.1,83.1
20260623T083659Z,22.2,85.8
20260623T083714Z,22.3,87.0
20260623T083729Z,22.5,87.7
20260623T083744Z,22.7,87.6
20260623T083759Z,22.9,87.4
20260623T083814Z,23.1,87.2
20260623T083829Z,23.2,88.0
20260623T083844Z,23.4,87.6
20260623T083859Z,23.5,87.7
20260623T083914Z,23.6,87.7
20260623T083929Z,23.7,87.7
20260623T083944Z,23.9,88.0
20260623T083959Z,24.0,87.9
20260623T084014Z,24.0,88.0
20260623T084029Z,24.1,88.3
20260623T084044Z,24.2,88.5
20260623T084059Z,24.3,88.4
20260623T084114Z,24.4,88.6
20260623T084129Z,24.4,88.6
20260623T084144Z,24.5,88.6
20260623T084159Z,24.6,88.9
20260623T084214Z,24.6,88.9
20260623T084229Z,24.7,89.1
20260623T084244Z,24.8,89.1
20260623T084259Z,24.8,89.4
20260623T084315Z,24.9,89.5
20260623T084330Z,24.9,89.3
20260623T084344Z,25.0,89.7
20260623T084359Z,25.0,89.6
20260623T084414Z,25.1,89.7
20260623T084429Z,25.1,89.8
20260623T084444Z,25.1,90.0
20260623T084459Z,25.2,90.1
20260623T084514Z,25.2,90.4
20260623T084529Z,25.2,90.6
20260623T084544Z,25.3,90.5
20260623T084559Z,25.3,90.6
20260623T084614Z,25.3,90.6
20260623T084629Z,25.4,90.9
20260623T084644Z,25.4,91.0
20260623T084659Z,25.4,91.1
20260623T084714Z,25.5,91.4
20260623T084729Z,25.5,91.7
20260623T084744Z,25.6,92.0
20260623T084759Z,25.6,91.8
20260623T084814Z,25.7,92.3
20260623T084829Z,25.8,92.1
20260623T084844Z,25.8,92.2
20260623T084902Z,25.9,92.2
20260623T084914Z,25.9,92.4
20260623T084929Z,25.9,92.5
20260623T084944Z,26.0,92.6
20260623T084959Z,26.0,92.6
20260623T085014Z,26.1,92.7
20260623T085029Z,26.1,92.6
20260623T085044Z,26.2,92.8
20260623T085059Z,26.2,92.5
20260623T085114Z,26.3,92.7
20260623T085129Z,26.3,92.9
20260623T085144Z,26.4,92.7
20260623T085159Z,26.4,90.9
20260623T085214Z,26.4,90.4
20260623T085229Z,26.3,85.9
20260623T085244Z,26.1,85.4
20260623T085259Z,26.0,84.2
20260623T085314Z,25.7,83.6
20260623T085329Z,25.3,81.9
20260623T085344Z,25.0,82.9
20260623T085359Z,24.6,83.2
20260623T085414Z,24.4,82.5
20260623T085429Z,24.1,83.0
20260623T085444Z,23.9,82.6
20260623T085459Z,23.7,81.5
20260623T085514Z,23.5,82.1
20260623T085529Z,23.4,82.1
20260623T085544Z,23.2,81.3
20260623T085559Z,23.1,79.7
20260623T085614Z,22.9,79.6
20260623T085629Z,22.7,78.8
20260623T085644Z,22.6,79.9
20260623T085659Z,22.4,78.7
20260623T085714Z,22.2,78.5
20260623T085729Z,22.1,78.4
20260623T085744Z,22.0,78.6
20260623T085759Z,21.9,78.5
20260623T085814Z,21.9,81.1
20260623T085829Z,22.0,85.1
20260623T085844Z,22.1,87.5
20260623T085859Z,22.2,87.8
20260623T085914Z,22.5,87.1
20260623T085929Z,22.7,87.4
20260623T085944Z,22.9,87.7
20260623T085959Z,23.1,87.3
20260623T090014Z,23.3,87.1
20260623T090029Z,23.5,87.2
20260623T090044Z,23.6,87.0
20260623T090059Z,23.8,87.0
20260623T090114Z,23.9,87.1
20260623T090129Z,24.0,87.2
20260623T090144Z,24.1,87.1
20260623T090159Z,24.2,87.3
20260623T090214Z,24.3,87.3
20260623T090229Z,24.5,87.5
20260623T090244Z,24.6,87.3
20260623T090259Z,24.6,87.2
20260623T090314Z,24.7,87.6
20260623T090329Z,24.8,88.0
20260623T090344Z,24.9,87.5
20260623T090359Z,24.9,87.9
20260623T100518Z,26.4,98.3
20260623T100532Z,26.5,97.2
20260623T100547Z,26.6,91.6
20260623T100601Z,26.5,90.7
20260623T100616Z,26.4,90.4
20260623T100631Z,26.2,88.4
20260623T100646Z,26.0,88.5
20260623T100701Z,25.8,86.9
20260623T100716Z,25.5,89.5
20260623T100731Z,25.3,86.1
20260623T100746Z,25.0,85.8
20260623T100801Z,24.8,86.9
20260623T100816Z,24.5,84.5
20260623T100831Z,24.2,85.1
20260623T100846Z,23.9,85.7
20260623T100901Z,23.8,85.2
20260623T100916Z,23.5,85.0
20260623T100931Z,23.3,84.4
20260623T100946Z,23.1,83.6
20260623T101001Z,22.9,84.7
20260623T101016Z,22.8,83.2
20260623T101031Z,22.6,83.3
20260623T101046Z,22.4,82.8
20260623T101101Z,22.3,82.3
20260623T101116Z,22.1,82.2
20260623T101131Z,22.0,82.1
20260623T101146Z,21.9,81.7
20260623T101201Z,21.8,81.1
20260623T101216Z,21.7,80.6
20260623T101231Z,21.6,80.1
20260623T101246Z,21.5,80.7
20260623T101301Z,21.4,80.1
20260623T101317Z,21.3,79.1
20260623T101331Z,21.3,79.3
20260623T101346Z,21.2,78.5
20260623T101401Z,21.1,77.7
20260623T101416Z,21.1,77.1
20260623T101431Z,21.0,77.0
20260623T101446Z,21.0,77.2
20260623T101501Z,20.9,76.1
20260623T101517Z,20.8,76.3
20260623T101531Z,20.8,76.0
20260623T101546Z,20.8,75.0
20260623T101601Z,20.7,75.2
20260623T101616Z,20.7,74.4
20260623T101631Z,20.6,73.9
20260623T101646Z,20.6,72.7
20260623T101701Z,20.5,72.4
20260623T101716Z,20.4,74.6
20260623T101731Z,20.5,79.2
20260623T101746Z,20.7,82.4
20260623T101801Z,20.9,83.8
20260623T101816Z,21.1,83.5
20260623T101831Z,21.4,83.5
20260623T101846Z,21.7,83.6
20260623T101901Z,21.9,83.9
20260623T101916Z,22.1,83.6
20260623T101931Z,22.3,84.0
20260623T101946Z,22.5,84.3
20260623T102001Z,22.7,84.6
20260623T102016Z,22.8,84.1
20260623T102031Z,23.0,84.1
20260623T102046Z,23.1,84.3
20260623T102101Z,23.2,84.8
20260623T102116Z,23.3,84.9
20260623T102131Z,23.5,84.8
20260623T102146Z,23.6,85.3
20260623T102201Z,23.7,85.4
20260623T102216Z,23.8,85.5
20260623T102231Z,23.9,85.5
20260623T102246Z,24.0,85.6
20260623T102301Z,24.0,85.9
20260623T102316Z,24.1,86.3
20260623T102331Z,24.2,86.2
20260623T102346Z,24.2,86.5
20260623T102401Z,24.3,86.7
20260623T102416Z,24.4,86.9
20260623T102431Z,24.5,87.1
20260623T102446Z,24.5,87.4
20260623T102501Z,24.6,87.4
20260623T102516Z,24.6,87.5
20260623T102531Z,24.7,87.8
20260623T102546Z,24.7,85.5
20260623T102601Z,24.8,84.8
20260623T102616Z,24.7,81.1
20260623T102631Z,24.5,80.4
20260623T102646Z,24.3,78.8
20260623T102701Z,24.0,78.4
20260623T102716Z,23.7,78.8
20260623T102731Z,23.4,78.7
20260623T102746Z,23.2,78.7
20260623T102801Z,22.9,77.9
20260623T102816Z,22.6,78.5
20260623T102831Z,22.4,78.3
20260623T102846Z,22.3,78.4
20260623T102901Z,22.1,78.4
20260623T102917Z,22.0,77.3
20260623T102931Z,21.8,76.8
20260623T102946Z,21.7,76.9
20260623T103001Z,21.5,75.2
20260623T103016Z,21.4,75.8
20260623T103031Z,21.3,77.6
20260623T103046Z,21.2,75.4
20260623T103101Z,21.1,74.9
20260623T103116Z,20.9,75.0
20260623T103131Z,20.8,74.5
20260623T103146Z,20.8,73.8
20260623T103201Z,20.7,73.8
20260623T103216Z,20.7,73.4
20260623T103231Z,20.6,72.8
20260623T103246Z,20.6,72.6
20260623T103301Z,20.6,76.7
20260623T103316Z,20.7,80.1
20260623T103331Z,20.9,81.7
20260623T103346Z,21.1,81.5
20260623T103401Z,21.3,82.4
20260623T103416Z,21.5,82.5
20260623T103431Z,21.8,82.7
20260623T103446Z,22.0,82.8
20260623T103501Z,22.2,83.1
20260623T103516Z,22.4,83.3
20260623T103531Z,22.5,83.2
20260623T103547Z,22.7,83.2
20260623T103601Z,22.8,83.4
20260623T103616Z,22.9,83.6
20260623T103631Z,23.1,84.1
20260623T103646Z,23.1,84.1
20260623T103701Z,23.3,84.3
20260623T103716Z,23.4,84.6
20260623T103731Z,23.4,84.9
20260623T103746Z,23.5,85.2
20260623T103801Z,23.6,85.1
20260623T103816Z,23.7,85.6
20260623T103831Z,23.8,85.8
20260623T103846Z,23.9,85.8
20260623T103901Z,23.9,86.0
20260623T103916Z,24.0,86.0
20260623T103931Z,24.1,86.2
20260623T103946Z,24.1,86.6
20260623T104001Z,24.2,86.5
20260623T104016Z,24.3,86.9
20260623T104031Z,24.3,87.3
20260623T104046Z,24.4,87.4
20260623T104101Z,24.4,87.4
20260623T104116Z,24.5,87.6
20260623T104131Z,24.5,88.2
20260623T104147Z,24.6,87.9
20260623T104201Z,24.7,88.2
20260623T104216Z,24.7,88.2
20260623T104231Z,24.7,88.3
20260623T104246Z,24.8,86.9
20260623T104301Z,24.8,84.1
20260623T104316Z,24.7,81.6
20260623T104331Z,24.5,80.9
20260623T104346Z,24.3,80.1
20260623T104401Z,24.0,78.3
20260623T104416Z,23.7,78.6
20260623T104431Z,23.4,79.2
20260623T104446Z,23.2,79.0
20260623T104501Z,23.0,78.3
20260623T104516Z,22.8,78.1
20260623T104531Z,22.6,78.4
20260623T104546Z,22.4,77.4
20260623T104601Z,22.2,77.2
20260623T104616Z,22.1,77.2
20260623T104631Z,21.9,77.0
20260623T104646Z,21.7,77.2
20260623T104701Z,21.6,76.3
20260623T104717Z,21.4,75.3
20260623T104732Z,21.3,75.4
20260623T104746Z,21.2,75.3
20260623T104802Z,21.1,74.5
20260623T104816Z,21.0,73.7
20260623T104832Z,20.9,73.9
20260623T104846Z,20.8,73.1
20260623T104901Z,20.7,73.6
20260623T104916Z,20.6,73.0
20260623T104931Z,20.6,77.0
20260623T104946Z,20.7,80.8
20260623T105001Z,20.9,83.2
20260623T105016Z,21.0,83.5
20260623T105031Z,21.3,83.4
20260623T105046Z,21.5,83.3
20260623T105101Z,21.7,82.9
20260623T105116Z,21.9,83.2
20260623T105131Z,22.1,83.5
20260623T105146Z,22.3,83.7
20260623T105202Z,22.5,83.8
20260623T105216Z,22.6,84.4
20260623T105231Z,22.7,84.1
20260623T105247Z,22.9,84.6
20260623T105301Z,23.0,84.9
20260623T105316Z,23.1,84.7
20260623T105332Z,23.3,84.5
20260623T105346Z,23.4,84.7
20260623T105402Z,23.5,85.1
20260623T105416Z,23.6,85.4
20260623T105432Z,23.7,85.4
20260623T105446Z,23.7,85.6
20260623T105502Z,23.8,85.5
20260623T105516Z,23.9,85.7
20260623T105532Z,24.0,85.9
20260623T105546Z,24.0,86.2
20260623T105602Z,24.1,86.2
20260623T105617Z,24.1,86.4
20260623T105631Z,24.2,86.6
20260623T105646Z,24.3,86.9
20260623T105702Z,24.3,87.2
20260623T105717Z,24.4,87.2
20260623T105731Z,24.4,87.2
20260623T105747Z,24.5,87.5
20260623T105802Z,24.5,87.9
20260623T105816Z,24.6,87.8
20260623T105831Z,24.6,87.9
20260623T105846Z,24.7,88.1
20260623T105902Z,24.7,88.1
20260623T105916Z,24.8,88.2
20260623T105932Z,24.8,88.6
20260623T105946Z,24.8,86.8
20260623T110002Z,24.9,87.0
20260623T110016Z,24.8,82.1
20260623T110032Z,24.7,81.5
20260623T110046Z,24.4,80.8
20260623T110102Z,24.2,79.4
20260623T110116Z,23.8,79.3
20260623T110132Z,23.5,79.5
20260623T110147Z,23.2,79.2
20260623T110201Z,22.9,79.3
20260623T110217Z,22.6,78.6
20260623T110231Z,22.4,79.1
20260623T110247Z,22.2,79.7
20260623T110301Z,22.0,78.7
20260623T110317Z,21.8,78.0
20260623T110331Z,21.7,77.8
20260623T110347Z,21.5,76.7
20260623T110401Z,21.3,77.2
20260623T110417Z,21.1,77.4
20260623T110432Z,21.0,77.5
20260623T110447Z,20.9,76.0
20260623T110501Z,20.9,76.5
20260623T110517Z,20.8,76.0
20260623T110531Z,20.8,75.5
20260623T110547Z,20.7,74.4
20260623T110601Z,20.6,74.7
20260623T110616Z,20.6,75.2
20260623T110632Z,20.6,79.4
20260623T110646Z,20.8,82.4
20260623T110702Z,21.0,84.1
20260623T110716Z,21.2,83.9
20260623T110732Z,21.4,83.6
20260623T110746Z,21.7,83.3
20260623T110802Z,21.9,83.5
20260623T110816Z,22.1,84.0
20260623T110831Z,22.3,84.1
20260623T110847Z,22.4,83.9
20260623T110901Z,22.6,83.9
20260623T110917Z,22.7,84.0
20260623T110931Z,22.8,84.5
20260623T110946Z,23.0,84.9
20260623T111002Z,23.1,84.8
20260623T111016Z,23.2,84.6
20260623T111032Z,23.3,85.1
20260623T111046Z,23.4,85.1
20260623T111101Z,23.5,85.3
20260623T111117Z,23.6,85.3
20260623T111132Z,23.7,85.4
20260623T111146Z,23.7,85.4
20260623T111202Z,23.8,85.7
20260623T111217Z,23.9,85.7
20260623T111232Z,24.0,86.2
20260623T111246Z,24.0,86.1
20260623T111302Z,24.1,86.4
20260623T111316Z,24.1,86.4
20260623T111332Z,24.2,86.9
20260623T111346Z,24.3,87.0
20260623T111401Z,24.3,87.1
20260623T111417Z,24.4,87.1
20260623T111431Z,24.4,87.4
20260623T111447Z,24.4,87.7
20260623T111501Z,24.5,88.0
20260623T111517Z,24.5,88.1
20260623T111531Z,24.6,88.3
20260623T111547Z,24.6,88.3
20260623T111601Z,24.6,88.4
20260623T111617Z,24.7,88.6
20260623T111631Z,24.7,88.4
20260623T111647Z,24.8,88.6
20260623T111701Z,24.8,86.7
20260623T111716Z,24.8,86.5
20260623T111732Z,24.8,82.3
20260623T111746Z,24.6,81.6
20260623T111801Z,24.4,79.9
20260623T111817Z,24.1,79.6
20260623T111831Z,23.7,79.0
20260623T111847Z,23.4,79.7
20260623T111901Z,23.1,79.2
20260623T111917Z,22.9,79.1
20260623T111931Z,22.6,79.2
20260623T111947Z,22.4,79.2
20260623T112001Z,22.3,79.3
20260623T112017Z,22.1,78.7
20260623T112031Z,22.0,78.3
20260623T112046Z,21.9,80.1
20260623T112101Z,21.9,77.8
20260623T112116Z,21.7,76.6
20260623T112132Z,21.6,75.7
20260623T112146Z,21.5,75.8
20260623T112202Z,21.4,76.8
20260623T112216Z,21.3,76.7
20260623T112232Z,21.3,75.3
20260623T112246Z,21.3,77.5
20260623T112302Z,21.3,76.0
20260623T112316Z,21.2,74.1
20260623T112332Z,21.1,73.8
20260623T112347Z,21.0,76.4
20260623T112402Z,21.0,74.2
20260623T112416Z,21.0,75.3
20260623T112431Z,20.9,73.3
20260623T112447Z,20.9,72.5
20260623T112502Z,20.8,72.2
20260623T112516Z,20.7,74.9
20260623T112532Z,20.7,73.4
20260623T112546Z,20.6,72.2
20260623T112602Z,20.5,71.7
20260623T112616Z,20.5,74.4
20260623T112632Z,20.5,79.7
20260623T112646Z,20.7,81.7
20260623T112702Z,20.9,79.3
20260623T112717Z,21.1,78.5
20260623T112731Z,21.3,78.6
20260623T112747Z,21.5,78.9
20260623T112801Z,21.7,78.6
20260623T112817Z,21.9,78.8
20260623T112831Z,22.2,80.7
20260623T112847Z,22.4,81.9
20260623T112901Z,22.6,83.7
20260623T112917Z,22.8,83.3
20260623T112931Z,23.0,81.9
20260623T112947Z,23.2,82.4
20260623T113002Z,23.4,81.7
20260623T113016Z,23.6,81.0
20260623T113031Z,23.7,80.9
20260623T113047Z,23.8,81.6
20260623T113101Z,24.0,80.5
20260623T113117Z,24.1,80.1
20260623T113131Z,24.3,79.6
20260623T113147Z,24.4,79.4
20260623T113201Z,24.5,79.8
20260623T113216Z,24.6,81.4
20260623T113232Z,24.7,80.2
20260623T113246Z,24.8,80.6
20260623T113302Z,24.9,79.9
20260623T113317Z,25.0,78.7
20260623T113331Z,25.0,78.6
20260623T113347Z,25.1,78.4
20260623T113401Z,25.2,78.0
20260623T113417Z,25.2,78.0
20260623T113431Z,25.3,77.9
20260623T113447Z,25.4,77.8
20260623T113501Z,25.5,77.9
20260623T113517Z,25.5,77.7
20260623T113531Z,25.6,77.2
20260623T113547Z,25.7,77.1
20260623T113601Z,25.7,77.1
20260623T113617Z,25.8,76.8
20260623T113631Z,25.8,77.6
20260623T113647Z,25.9,77.0
20260623T113701Z,25.9,77.3
20260623T113716Z,26.0,77.1
20260623T113732Z,26.0,76.9
20260623T113746Z,26.0,76.0
20260623T113802Z,26.1,76.3
20260623T113816Z,26.1,76.1
20260623T113832Z,26.2,76.4
20260623T113846Z,26.2,75.8
20260623T113902Z,26.2,76.6
20260623T113916Z,26.3,76.9
20260623T113932Z,26.3,76.6
20260623T113947Z,26.4,76.8
20260623T114001Z,26.4,76.1
20260623T114017Z,26.4,77.2
20260623T114032Z,26.5,76.5
20260623T114046Z,26.5,76.7
20260623T114102Z,26.5,76.1
20260623T114116Z,26.5,76.3
20260623T114132Z,26.6,76.2
20260623T114146Z,26.6,76.2
20260623T114202Z,26.6,75.9
20260623T114216Z,26.6,75.8
20260623T114232Z,26.6,77.1
20260623T114246Z,26.7,76.1
20260623T114302Z,26.7,76.1
20260623T114316Z,26.7,77.0
20260623T114332Z,26.7,76.5
20260623T114346Z,26.8,76.3
20260623T114402Z,26.8,75.8
20260623T114417Z,26.8,75.6
20260623T114432Z,26.8,77.3
20260623T114446Z,26.8,78.0
20260623T114502Z,26.8,77.2
20260623T114516Z,26.8,78.2
20260623T114532Z,26.8,79.0
20260623T114546Z,26.9,80.3
20260623T114602Z,26.9,80.4
20260623T114616Z,26.9,79.0
20260623T114632Z,26.9,78.5
20260623T114646Z,26.9,79.5
20260623T114702Z,26.9,79.1
20260623T114716Z,26.9,79.1
20260623T114732Z,26.9,79.1
20260623T114746Z,26.9,79.7
20260623T114802Z,26.9,80.0
20260623T114816Z,27.0,79.4
20260623T114832Z,27.0,79.7
20260623T114847Z,27.0,80.5
20260623T114902Z,27.0,79.9
20260623T114917Z,27.0,79.9
20260623T114932Z,27.0,79.8
20260623T114947Z,27.0,80.1
20260623T115002Z,27.0,80.1
20260623T115017Z,27.0,80.3
20260623T115032Z,27.0,80.4
20260623T115047Z,27.0,80.6
20260623T115102Z,27.1,80.8
20260623T115117Z,27.1,80.4
20260623T115132Z,27.1,79.9
20260623T115146Z,27.2,80.0
20260623T115202Z,27.2,79.4
20260623T115217Z,27.2,79.2
20260623T115232Z,27.3,79.1
20260623T115247Z,27.3,78.9
20260623T115302Z,27.3,78.8
20260623T115317Z,27.3,78.8
20260623T115332Z,27.3,79.2
20260623T115347Z,27.4,79.0
20260623T115402Z,27.4,79.1
20260623T115417Z,27.4,78.8
20260623T115432Z,27.4,78.7
20260623T115447Z,27.5,79.2
20260623T115502Z,27.5,79.2
20260623T115517Z,27.5,79.9
20260623T115532Z,27.5,79.5
20260623T115547Z,27.5,79.4
20260623T115602Z,27.6,79.2
20260623T115617Z,27.6,78.9
20260623T115632Z,27.6,79.1
20260623T115647Z,27.6,79.4
20260623T115702Z,27.6,79.0
20260623T115717Z,27.6,79.0
20260623T115732Z,27.7,79.2
20260623T115747Z,27.7,79.4
20260623T115802Z,27.7,78.8
20260623T115817Z,27.7,78.7
20260623T115832Z,27.7,78.7
20260623T115847Z,27.7,78.8
20260623T115902Z,27.8,78.7
20260623T115917Z,27.8,78.7
20260623T115932Z,27.8,79.0
20260623T115947Z,27.8,78.9
20260623T120002Z,27.8,78.9
20260623T120017Z,27.9,79.0
20260623T120032Z,27.9,78.9
20260623T120047Z,27.9,78.9
20260623T120102Z,27.9,79.0
20260623T120117Z,27.9,78.9
20260623T120132Z,27.9,78.9
20260623T120147Z,28.0,78.8
20260623T120202Z,28.0,78.7
20260623T120217Z,28.0,78.9
20260623T120232Z,28.0,78.8
20260623T120247Z,28.0,79.1
20260623T120302Z,28.0,78.9
20260623T120317Z,28.1,78.9
20260623T120332Z,28.1,79.1
20260623T120347Z,28.1,79.3
20260623T120402Z,28.1,79.1
20260623T120417Z,28.1,78.9
20260623T120432Z,28.1,78.9
20260623T120447Z,28.2,78.5
20260623T120502Z,28.2,78.4
20260623T120517Z,28.2,78.6
20260623T120532Z,28.2,78.8
20260623T120547Z,28.2,78.7
20260623T120602Z,28.2,78.5
20260623T120617Z,28.2,78.3
20260623T120632Z,28.3,79.0
20260623T120647Z,28.3,78.8
20260623T120702Z,28.3,78.6
20260623T120717Z,28.3,78.2
20260623T120732Z,28.3,79.3
20260623T120747Z,28.3,79.4
20260623T120802Z,28.3,78.6
20260623T120817Z,28.3,78.5
20260623T120832Z,28.4,78.2
20260623T120847Z,28.4,78.8
20260623T120902Z,28.4,78.4
20260623T120918Z,28.4,78.5
20260623T120932Z,28.4,78.4
20260623T120947Z,28.4,78.6
20260623T121002Z,28.4,78.4
20260623T121018Z,28.5,78.4
20260623T121032Z,28.5,79.3
20260623T121047Z,28.5,78.5
20260623T121102Z,28.5,78.7
20260623T121117Z,28.5,78.7
20260623T121132Z,28.5,78.3
20260623T121147Z,28.5,78.4
20260623T121202Z,28.5,78.4
20260623T121217Z,28.5,78.5
20260623T121232Z,28.5,78.4
20260623T121247Z,28.5,78.1
20260623T121302Z,28.5,78.1
20260623T121317Z,28.5,77.9
20260623T121332Z,28.6,78.1
20260623T121347Z,28.6,77.9
20260623T121402Z,28.6,78.2
20260623T121417Z,28.6,78.3
20260623T121432Z,28.6,78.4
20260623T121447Z,28.6,78.3
20260623T121502Z,28.6,78.3
20260623T121517Z,28.6,78.2
20260623T121532Z,28.6,77.9
20260623T121547Z,28.6,78.1
20260623T121602Z,28.7,78.2
20260623T121617Z,28.7,78.8
20260623T121632Z,28.7,79.4
20260623T121647Z,28.7,79.3
20260623T121702Z,28.7,78.7
20260623T121717Z,28.7,78.9
20260623T121732Z,28.7,78.0
20260623T121747Z,28.8,77.8
20260623T121802Z,28.8,78.0
20260623T121817Z,28.8,77.9
20260623T121832Z,28.8,78.7
20260623T121847Z,28.8,78.9
20260623T121902Z,28.7,78.7
20260623T121917Z,28.7,78.6
20260623T121932Z,28.7,79.1
20260623T121947Z,28.7,79.1
20260623T122002Z,28.7,79.2
20260623T122017Z,28.7,78.6
20260623T122032Z,28.7,80.1
20260623T122047Z,28.7,79.4
20260623T122102Z,28.8,79.1
20260623T122117Z,28.8,79.2
20260623T122132Z,28.8,79.7
20260623T122147Z,28.8,79.1
20260623T122202Z,28.8,78.3
20260623T122217Z,28.8,78.6
20260623T122232Z,28.9,79.8
20260623T122247Z,28.9,78.9
20260623T122302Z,28.8,78.5
20260623T122317Z,28.8,78.6
20260623T122332Z,28.8,79.9
20260623T122347Z,28.8,79.6
20260623T122402Z,28.8,79.2
20260623T122417Z,28.8,78.7
20260623T122432Z,28.8,79.3
20260623T122447Z,28.9,79.3
20260623T122502Z,28.9,78.9
20260623T122517Z,28.9,78.7
20260623T122532Z,28.9,78.8
20260623T122547Z,28.9,79.6
20260623T122602Z,28.9,78.9
20260623T122617Z,28.9,79.8
20260623T122632Z,28.9,79.8
20260623T122647Z,28.9,79.0
20260623T122702Z,28.9,79.2
20260623T122717Z,28.9,78.6
20260623T122732Z,28.9,78.8
20260623T122747Z,28.9,79.3
20260623T122802Z,28.9,79.1
20260623T122817Z,28.9,78.8
20260623T122832Z,28.9,80.2
20260623T122847Z,28.9,80.8
20260623T122902Z,28.9,79.2
20260623T122917Z,28.9,79.7
20260623T122932Z,29.0,80.1
20260623T122947Z,28.9,79.3
20260623T123002Z,29.0,81.5
20260623T123017Z,29.0,79.2
20260623T123032Z,29.0,79.0
20260623T123047Z,29.0,78.6
20260623T123102Z,29.0,79.7
20260623T123117Z,29.0,78.8
20260623T123132Z,29.0,79.2
20260623T123147Z,29.0,79.4
20260623T123202Z,29.0,79.1
20260623T123217Z,29.0,78.6
20260623T123232Z,29.0,79.0
20260623T123247Z,29.0,79.4
20260623T123302Z,29.0,79.3
20260623T123317Z,29.0,80.4
20260623T123332Z,29.0,79.5
20260623T123347Z,29.0,79.3
20260623T123402Z,29.0,79.4
20260623T123417Z,29.0,79.3
20260623T123432Z,29.1,79.7
20260623T123447Z,29.1,78.8
20260623T123502Z,29.1,79.0
20260623T123517Z,29.1,79.1
20260623T123532Z,29.1,78.7
20260623T123547Z,29.1,79.2
20260623T123602Z,29.1,79.5
20260623T123617Z,29.1,78.7
20260623T123632Z,29.1,78.7
20260623T123647Z,29.1,78.6
20260623T123702Z,29.1,78.9
20260623T123717Z,29.1,78.9
20260623T123732Z,29.1,78.8
20260623T123747Z,29.1,78.8
20260623T123802Z,29.1,78.8
20260623T123817Z,29.1,78.6
20260623T123832Z,29.1,79.0
20260623T123847Z,29.1,78.8
20260623T123902Z,29.1,78.8
20260623T123918Z,29.1,78.6
20260623T123932Z,29.1,78.7
20260623T123947Z,29.1,79.0
20260623T124002Z,29.1,79.1
20260623T124017Z,29.1,79.2
20260623T124032Z,29.1,79.1
20260623T124047Z,29.1,79.1
20260623T124102Z,29.1,78.7
20260623T124117Z,29.1,79.1
20260623T124132Z,29.2,79.1
20260623T124147Z,29.2,80.5
20260623T124202Z,29.2,80.3
20260623T124217Z,29.2,81.0
20260623T124232Z,29.2,79.2
20260623T124247Z,29.2,79.6
20260623T124302Z,29.3,81.8
20260623T124317Z,29.3,80.0
20260623T124332Z,29.3,79.8
20260623T124347Z,29.3,79.1
20260623T124402Z,29.3,79.0
20260623T124417Z,29.3,79.4
20260623T124432Z,29.4,79.8
20260623T124447Z,29.4,78.8
20260623T124502Z,29.4,79.9
20260623T124517Z,29.4,79.1
20260623T124532Z,29.4,80.1
20260623T124547Z,29.4,79.3
20260623T124602Z,29.4,79.1
20260623T124617Z,29.4,78.4
20260623T124632Z,29.4,81.0
20260623T124647Z,29.4,78.9
20260623T124702Z,29.4,79.1
20260623T124717Z,29.5,78.8
20260623T124732Z,29.4,79.9
20260623T124747Z,29.5,79.9
20260623T124802Z,29.5,79.9
20260623T124817Z,29.5,80.5
20260623T124832Z,29.5,81.1
20260623T124847Z,29.5,79.5
20260623T124902Z,29.5,79.9
20260623T124917Z,29.5,78.8
20260623T124932Z,29.5,78.9
20260623T124947Z,29.5,78.7
20260623T125002Z,29.6,79.0
20260623T125017Z,29.6,78.6
20260623T125032Z,29.6,78.3
20260623T125047Z,29.6,78.6
20260623T125102Z,29.6,78.4
20260623T125117Z,29.6,78.3
20260623T125132Z,29.6,78.3
20260623T125147Z,29.6,78.4
20260623T125202Z,29.6,78.9
20260623T125217Z,29.6,78.4
20260623T125232Z,29.6,78.3
20260623T125247Z,29.6,78.3
20260623T125302Z,29.6,79.2
20260623T125317Z,29.6,78.6
20260623T125332Z,29.6,79.4
20260623T125347Z,29.6,79.8
20260623T125402Z,29.6,78.6
20260623T125417Z,29.6,79.6
20260623T125432Z,29.6,80.0
20260623T125447Z,29.6,79.2
20260623T125502Z,29.6,78.4
20260623T125517Z,29.6,78.6
20260623T125532Z,29.6,78.6
20260623T125547Z,29.6,79.3
20260623T125602Z,29.6,78.6
20260623T125617Z,29.6,78.5
20260623T125632Z,29.6,78.8
20260623T125647Z,29.6,79.3
20260623T125702Z,29.6,79.0
20260623T125717Z,29.6,78.9
20260623T125732Z,29.6,79.3
20260623T125747Z,29.6,80.0
20260623T125802Z,29.7,80.3
20260623T125817Z,29.7,80.7
20260623T125832Z,29.7,79.6
20260623T125847Z,29.7,79.5
20260623T125902Z,29.7,79.5
20260623T125917Z,29.7,78.8
20260623T125932Z,29.7,78.7
20260623T125947Z,29.7,78.8
20260623T130002Z,29.7,78.5
20260623T130017Z,29.7,78.6
20260623T130032Z,29.6,78.7
20260623T130047Z,29.6,78.8
20260623T130102Z,29.6,79.1
20260623T130117Z,29.6,78.6
20260623T130132Z,29.6,79.0
20260623T130147Z,29.6,78.6
20260623T130202Z,29.6,78.6
20260623T130217Z,29.6,78.4
20260623T130232Z,29.6,78.8
20260623T130247Z,29.6,78.7
20260623T130302Z,29.6,78.7
20260623T130317Z,29.6,79.1
20260623T130332Z,29.6,79.0
20260623T130347Z,29.6,79.1
20260623T130402Z,29.6,78.9
20260623T130417Z,29.6,78.5
20260623T130432Z,29.6,78.6
20260623T130447Z,29.6,78.8
20260623T130502Z,29.6,79.1
20260623T130517Z,29.6,79.1
20260623T130532Z,29.6,79.0
20260623T130547Z,29.6,78.6
20260623T130602Z,29.6,78.7
20260623T130617Z,29.6,79.3
20260623T130632Z,29.6,78.9
20260623T130647Z,29.6,78.6
20260623T130702Z,29.6,78.7
20260623T130717Z,29.6,78.5
20260623T130732Z,29.6,78.6
20260623T130747Z,29.6,78.7
20260623T130802Z,29.6,78.6
20260623T130817Z,29.6,78.9
20260623T130832Z,29.6,79.1
20260623T130847Z,29.6,78.9
20260623T130902Z,29.6,78.8
20260623T130917Z,29.6,78.7
20260623T130932Z,29.6,78.5
20260623T130947Z,29.6,78.7
20260623T131002Z,29.6,78.9
20260623T131017Z,29.6,79.3
20260623T131032Z,29.6,79.0
20260623T131047Z,29.6,79.1
20260623T131102Z,29.6,79.3
20260623T131117Z,29.6,79.8
20260623T131132Z,29.7,79.3
20260623T131147Z,29.7,79.2
20260623T131202Z,29.7,79.0
20260623T131217Z,29.7,79.0
20260623T131232Z,29.7,79.0
20260623T131247Z,29.7,79.6
20260623T131302Z,29.6,79.3
20260623T131317Z,29.6,80.0
20260623T131332Z,29.7,79.7
20260623T131347Z,29.7,79.4
20260623T131402Z,29.7,79.4
20260623T131417Z,29.7,79.4
20260623T131432Z,29.7,79.2
20260623T131447Z,29.7,79.7
20260623T131502Z,29.7,79.8
20260623T131517Z,29.7,80.0
20260623T131532Z,29.7,80.0
20260623T131547Z,29.7,79.8
20260623T131602Z,29.7,79.4
20260623T131617Z,29.7,79.1
20260623T131632Z,29.7,79.8
20260623T131647Z,29.7,79.5
20260623T131702Z,29.7,79.5
20260623T131717Z,29.7,79.3
20260623T131732Z,29.8,79.3
20260623T131747Z,29.8,79.8
20260623T131802Z,29.7,80.0
20260623T131817Z,29.7,79.7
20260623T131832Z,29.7,79.6
20260623T131847Z,29.8,79.7
20260623T131902Z,29.8,79.7
20260623T131917Z,29.8,79.3
20260623T131932Z,29.8,78.9
20260623T131947Z,29.8,79.1
20260623T132002Z,29.8,79.3
20260623T132017Z,29.8,80.0
20260623T132032Z,29.8,79.7
20260623T132047Z,29.8,79.9
20260623T132102Z,29.8,79.7
20260623T132117Z,29.8,79.5
20260623T132132Z,29.8,79.1
20260623T132147Z,29.8,79.1
20260623T132202Z,29.8,80.1
20260623T132217Z,29.8,79.4
20260623T132232Z,29.8,79.7
20260623T132247Z,29.8,79.3
20260623T132302Z,29.8,79.3
20260623T132317Z,29.8,79.2
20260623T132332Z,29.8,80.2
20260623T132347Z,29.9,79.5
20260623T132402Z,29.9,79.7
20260623T132417Z,29.9,79.5
20260623T132432Z,29.9,79.5
20260623T132447Z,29.9,79.2
20260623T132502Z,29.9,79.3
20260623T132517Z,29.8,79.7
20260623T132532Z,29.8,79.5
20260623T132547Z,29.8,79.9
20260623T132602Z,29.8,80.0
20260623T132617Z,29.8,79.9
20260623T132632Z,29.8,79.9
20260623T132647Z,29.8,79.9
20260623T132702Z,29.8,80.0
20260623T132717Z,29.8,80.0
20260623T132732Z,29.8,79.7
20260623T132747Z,29.8,80.0
20260623T132802Z,29.8,80.6
20260623T132817Z,29.8,80.2
20260623T132832Z,29.8,81.0
20260623T132847Z,29.8,81.4
20260623T132902Z,29.9,81.3
20260623T132917Z,29.9,80.0
20260623T132932Z,29.9,80.6
20260623T132947Z,29.9,80.3
20260623T133002Z,29.9,79.9
20260623T133017Z,29.9,79.4
20260623T133032Z,29.9,80.3
20260623T133047Z,30.0,79.8
20260623T133102Z,30.0,80.0
20260623T133117Z,30.0,80.0
20260623T133132Z,30.0,79.5
20260623T133147Z,30.0,79.6
20260623T133202Z,30.0,79.4
20260623T133217Z,30.0,79.5
20260623T133232Z,30.0,79.6
20260623T133247Z,30.0,80.1
20260623T133302Z,30.0,80.6
20260623T133317Z,30.0,79.5
20260623T133332Z,30.1,79.8
20260623T133347Z,30.1,79.3
20260623T133402Z,30.0,79.3
20260623T133417Z,30.0,79.1
20260623T133432Z,30.1,79.0
20260623T133447Z,30.1,79.4
20260623T133502Z,30.1,80.1
20260623T133517Z,30.0,80.8
20260623T133532Z,30.1,80.3
20260623T133547Z,30.1,79.7
20260623T133602Z,30.1,79.5
20260623T133617Z,30.1,79.1
20260623T133632Z,30.1,79.2
20260623T133647Z,30.1,79.2
20260623T133702Z,30.1,80.9
20260623T133717Z,30.1,79.4
20260623T133732Z,30.1,79.2
20260623T133747Z,30.1,79.3
20260623T133802Z,30.1,79.9
20260623T133817Z,30.1,80.1
20260623T133832Z,30.1,80.2
20260623T133847Z,30.1,80.3
20260623T133902Z,30.1,80.5
20260623T133917Z,30.2,79.7
20260623T133932Z,30.1,79.0
20260623T133947Z,30.2,79.9
20260623T134002Z,30.2,79.4
20260623T134017Z,30.2,79.9
20260623T134032Z,30.2,80.2
20260623T134047Z,30.2,81.4
20260623T134102Z,30.2,81.6
20260623T134117Z,30.2,79.8
20260623T134132Z,30.2,79.2
20260623T134147Z,30.2,79.0
20260623T134202Z,30.2,79.1
20260623T134217Z,30.1,79.7
20260623T134232Z,30.1,80.0
20260623T134247Z,30.1,79.9
20260623T134302Z,30.1,79.5
20260623T134317Z,30.1,79.6
20260623T134332Z,30.1,79.7
20260623T134347Z,30.1,79.8
20260623T134402Z,30.1,80.1
20260623T134417Z,30.1,79.8
20260623T134432Z,30.1,80.5
20260623T134447Z,30.1,80.3
20260623T134502Z,30.0,80.1
20260623T134517Z,30.0,80.6
20260623T134532Z,30.0,80.7
20260623T134547Z,30.0,80.8
20260623T134602Z,30.0,80.4
20260623T134617Z,30.0,80.6
20260623T134632Z,30.1,80.3
20260623T134647Z,30.1,79.9
20260623T134702Z,30.1,79.9
20260623T134717Z,30.1,79.9
20260623T134732Z,30.1,80.3
20260623T134747Z,30.1,80.2
20260623T134802Z,30.1,79.9
20260623T134817Z,30.1,80.4
20260623T134832Z,30.1,80.4
20260623T134847Z,30.1,80.2
20260623T134902Z,30.1,80.4
20260623T134917Z,30.1,80.2
20260623T134932Z,30.1,80.2
20260623T134947Z,30.1,81.2
20260623T135002Z,30.1,80.9
20260623T135017Z,30.1,81.2
20260623T135032Z,30.1,80.6
20260623T135047Z,30.1,80.6
20260623T135102Z,30.1,80.7
20260623T135117Z,30.1,81.7
20260623T135132Z,30.1,80.4
20260623T135147Z,30.1,79.9
20260623T135202Z,30.1,80.3
20260623T135217Z,30.1,82.3
20260623T135232Z,30.2,81.6
20260623T135247Z,30.2,81.0
20260623T135302Z,30.2,81.0
20260623T135317Z,30.2,80.6
20260623T135332Z,30.2,81.2
20260623T135347Z,30.2,80.5
20260623T135402Z,30.2,81.3
20260623T135417Z,30.2,81.2
20260623T135432Z,30.2,80.0
20260623T135447Z,30.2,80.6
20260623T135502Z,30.2,80.4
20260623T135517Z,30.3,81.1
20260623T135532Z,30.3,80.9
20260623T135547Z,30.2,80.5
20260623T135602Z,30.2,81.5
20260623T135617Z,30.2,81.0
20260623T135632Z,30.2,80.6
20260623T135647Z,30.2,80.1
20260623T135702Z,30.2,80.6
20260623T135717Z,30.2,79.7
20260623T135732Z,30.2,79.5
20260623T135747Z,30.2,80.0
20260623T135802Z,30.2,79.9
20260623T135817Z,30.3,81.3
20260623T135832Z,30.3,80.5
20260623T135847Z,30.3,80.6
20260623T135902Z,30.3,80.2
20260623T135917Z,30.3,79.8
20260623T135932Z,30.3,79.6
20260623T135947Z,30.3,80.0
20260623T140002Z,30.3,79.5
20260623T140017Z,30.3,79.8
20260623T140032Z,30.3,80.1
20260623T140047Z,30.3,79.5
20260623T140102Z,30.3,80.1
20260623T140118Z,30.3,80.1
20260623T140133Z,30.3,80.2
20260623T140147Z,30.3,79.9
20260623T140202Z,30.3,79.9
20260623T140218Z,30.2,81.6
20260623T140233Z,30.2,81.5
20260623T140247Z,30.3,80.8
20260623T140302Z,30.3,81.1
20260623T140317Z,30.3,80.6
20260623T140332Z,30.3,79.7
20260623T140347Z,30.3,80.1
20260623T140402Z,30.4,80.8
20260623T140417Z,30.4,80.8
20260623T140432Z,30.4,80.0
20260623T140447Z,30.4,79.6
20260623T140502Z,30.4,79.5
20260623T140517Z,30.4,79.8
20260623T140532Z,30.3,80.4
20260623T140547Z,30.4,79.8
20260623T140602Z,30.3,79.5
20260623T140617Z,30.3,80.1
20260623T140632Z,30.4,81.0
20260623T140647Z,30.3,81.8
20260623T140702Z,30.4,81.3
20260623T140717Z,30.4,80.5
20260623T140732Z,30.4,79.7
20260623T140747Z,30.4,80.0
20260623T140802Z,30.4,80.6
20260623T140817Z,30.4,79.9
20260623T140832Z,30.4,79.6
20260623T140847Z,30.4,80.4
20260623T140902Z,30.4,80.6
20260623T140917Z,30.5,80.4
20260623T140932Z,30.5,80.3
20260623T140947Z,30.5,79.6
20260623T141002Z,30.5,80.2
20260623T141017Z,30.5,80.8
20260623T141032Z,30.5,79.6
20260623T141047Z,30.5,79.7
20260623T141102Z,30.5,79.7
20260623T141117Z,30.5,80.2
20260623T141132Z,30.5,80.8
20260623T141147Z,30.5,80.0
20260623T141202Z,30.5,80.3
20260623T141217Z,30.5,79.8
20260623T141232Z,30.5,79.5
20260623T141247Z,30.5,79.5
20260623T141302Z,30.6,80.4
20260623T141317Z,30.5,79.8
20260623T141332Z,30.5,79.6
20260623T141347Z,30.5,79.5
20260623T141402Z,30.5,79.8
20260623T141417Z,30.5,80.1
20260623T141432Z,30.4,79.6
20260623T141447Z,30.4,79.3
20260623T141502Z,30.4,79.4
20260623T141517Z,30.4,79.7
20260623T141532Z,30.4,79.8
20260623T141547Z,30.4,79.9
20260623T141602Z,30.4,80.5
20260623T141617Z,30.4,80.9
20260623T141632Z,30.4,80.1
20260623T141647Z,30.4,80.1
20260623T141702Z,30.5,79.7
20260623T141717Z,30.5,79.5
20260623T141732Z,30.5,79.4
20260623T141747Z,30.4,79.4
20260623T141802Z,30.4,79.4
20260623T141817Z,30.5,79.5
20260623T141832Z,30.4,80.0
20260623T141847Z,30.4,80.5
20260623T141902Z,30.4,80.5
20260623T141917Z,30.5,79.8
20260623T141932Z,30.4,80.9
20260623T141947Z,30.5,81.0
20260623T142002Z,30.5,80.2
20260623T142017Z,30.5,79.8
20260623T142032Z,30.5,80.2
20260623T142047Z,30.5,79.8
20260623T142102Z,30.5,81.6
20260623T142117Z,30.5,80.2
20260623T142132Z,30.5,79.9
20260623T142147Z,30.5,80.2
20260623T142202Z,30.5,80.1
20260623T142218Z,30.6,79.5
20260623T142233Z,30.6,80.8
20260623T142247Z,30.6,80.0
20260623T142302Z,30.5,79.6
20260623T142317Z,30.5,79.4
20260623T142332Z,30.5,79.5
20260623T142347Z,30.5,80.1
20260623T142402Z,30.5,80.0
20260623T142417Z,30.4,79.8
20260623T142432Z,30.4,79.8
20260623T142447Z,30.4,79.9
20260623T142502Z,30.4,79.6
20260623T142517Z,30.4,79.9
20260623T142532Z,30.4,79.8
20260623T142547Z,30.4,79.8
20260623T142602Z,30.3,80.3
20260623T142617Z,30.3,80.1
20260623T142632Z,30.3,80.4
20260623T142647Z,30.3,81.5
20260623T142702Z,30.4,81.0
20260623T142717Z,30.4,80.6
20260623T142732Z,30.4,80.6
20260623T142747Z,30.4,80.1
20260623T142802Z,30.4,80.0
20260623T142817Z,30.4,79.8
20260623T142832Z,30.4,80.3
20260623T142847Z,30.4,80.3
20260623T142902Z,30.4,80.1
20260623T142917Z,30.4,80.2
20260623T142932Z,30.4,80.4
20260623T142947Z,30.4,80.7
20260623T143002Z,30.4,79.9
20260623T143017Z,30.4,80.1
20260623T143032Z,30.4,80.9
20260623T143047Z,30.4,80.7
20260623T143102Z,30.4,80.7
20260623T143117Z,30.4,80.8
20260623T143132Z,30.4,80.8
20260623T143147Z,30.4,80.7
20260623T143202Z,30.4,80.0
20260623T143217Z,30.4,80.5
20260623T143232Z,30.4,80.5
20260623T143247Z,30.4,80.5
20260623T143302Z,30.4,81.3
20260623T143317Z,30.4,81.7
20260623T143332Z,30.4,82.4
20260623T143347Z,30.4,81.6
20260623T143402Z,30.4,82.6
20260623T143417Z,30.4,81.3
20260623T143432Z,30.5,81.0
20260623T143447Z,30.5,81.2
20260623T143502Z,30.5,81.1
20260623T143517Z,30.5,81.3
20260623T143532Z,30.5,83.4
20260623T143547Z,30.5,81.0
20260623T143602Z,30.6,81.2
20260623T143617Z,30.6,80.5
20260623T143632Z,30.6,80.5
20260623T143647Z,30.6,80.3
20260623T143702Z,30.6,80.4
20260623T143717Z,30.6,80.4
20260623T143732Z,30.6,80.4
20260623T143747Z,30.6,80.4
20260623T143802Z,30.6,80.4
20260623T143817Z,30.5,80.4
20260623T143832Z,30.5,80.5
20260623T143847Z,30.5,80.5
20260623T143903Z,30.5,80.4
20260623T143917Z,30.5,80.4
20260623T143933Z,30.5,80.3
20260623T143947Z,30.5,79.8
20260623T144003Z,30.5,80.0
20260623T144017Z,30.4,80.3
20260623T144032Z,30.4,80.2
20260623T144047Z,30.4,80.3
20260623T144102Z,30.4,80.7
20260623T144117Z,30.3,81.5
20260623T144132Z,30.2,79.5
20260623T144147Z,30.0,78.3
20260623T144202Z,29.8,77.1
20260623T144217Z,29.5,76.6
20260623T144232Z,29.2,76.5
20260623T144247Z,28.9,75.0
20260623T144302Z,28.4,75.7
20260623T144317Z,27.8,76.9
20260623T144332Z,27.4,77.2
20260623T144347Z,27.0,76.9
20260623T144402Z,26.5,77.6
20260623T144417Z,26.1,77.8
20260623T144433Z,25.9,78.2
20260623T144448Z,25.6,77.9
20260623T144502Z,25.4,77.5
20260623T144518Z,25.1,78.0
20260623T144532Z,24.9,77.5
20260623T144548Z,24.7,78.1
20260623T144602Z,24.5,77.3
20260623T144618Z,24.4,76.8
20260623T144632Z,24.2,77.3
20260623T144648Z,24.1,76.4
20260623T144702Z,24.0,76.3
20260623T144718Z,23.8,76.5
20260623T144732Z,23.7,75.6
20260623T144748Z,23.6,75.7
20260623T144802Z,23.5,74.8
20260623T144817Z,23.4,74.1
20260623T144832Z,23.3,74.3
20260623T144848Z,23.2,73.3
20260623T144902Z,23.1,72.9
20260623T144917Z,23.0,72.3
20260623T144933Z,22.9,72.6
20260623T144947Z,22.9,72.7
20260623T145003Z,22.8,71.5
20260623T145017Z,22.7,71.5
20260623T145033Z,22.6,71.5
20260623T145047Z,22.6,70.5
20260623T145103Z,22.5,70.6
20260623T145117Z,22.4,70.1
20260623T145132Z,22.4,69.6
20260623T145147Z,22.3,69.4
20260623T145203Z,22.2,68.8
20260623T145217Z,22.1,68.5
20260623T145233Z,22.1,68.5
20260623T145247Z,22.0,67.8
20260623T145303Z,22.0,68.0
20260623T145317Z,21.9,67.5
20260623T145333Z,21.9,67.3
20260623T145347Z,21.9,67.3
20260623T145403Z,21.8,67.3
20260623T145417Z,21.8,65.8
20260623T145433Z,21.7,66.3
20260623T145447Z,21.6,66.0
20260623T145503Z,21.6,66.2
20260623T145518Z,21.5,65.7
20260623T145532Z,21.6,65.4
20260623T145548Z,21.5,64.4
20260623T145603Z,21.5,64.6
20260623T145617Z,21.4,64.5
20260623T145633Z,21.3,64.7
20260623T145648Z,21.3,64.8
20260623T145702Z,21.4,64.0
20260623T145717Z,21.4,63.6
20260623T145733Z,21.3,63.2
20260623T145747Z,21.3,63.1
20260623T145803Z,21.2,63.0
20260623T145817Z,21.1,62.7
20260623T145833Z,21.1,62.5
20260623T145847Z,21.0,63.0
20260623T145903Z,21.0,62.0
20260623T145917Z,20.9,61.8
20260623T145933Z,20.9,61.6
20260623T145947Z,20.9,61.8
20260623T150003Z,20.8,61.8
20260623T150017Z,20.7,61.4
20260623T150033Z,20.7,61.0
20260623T150047Z,20.6,61.5
20260623T150102Z,20.6,61.0
20260623T150117Z,20.5,61.0
20260623T150133Z,20.5,60.9
20260623T150147Z,20.4,60.9
20260623T150203Z,20.4,60.6
20260623T150217Z,20.3,60.0
20260623T150233Z,20.3,60.6
20260623T150247Z,20.3,60.2
20260623T150302Z,20.3,63.1
20260623T150318Z,20.4,67.2
20260623T150332Z,20.5,69.0
20260623T150347Z,20.7,70.9
20260623T150402Z,20.9,71.3
20260623T150418Z,21.2,72.1
20260623T150433Z,21.4,72.9
20260623T150447Z,21.6,73.0
20260623T150503Z,21.8,74.1
20260623T150517Z,22.0,74.2
20260623T150533Z,22.2,74.0
20260623T150547Z,22.3,74.5
20260623T150603Z,22.5,74.9
20260623T150617Z,22.6,75.0
20260623T150633Z,22.7,75.6
20260623T150647Z,22.9,76.0
20260623T150703Z,23.0,74.7
20260623T150718Z,23.1,75.2
20260623T150733Z,23.1,71.5
20260623T150747Z,23.0,69.7
20260623T150803Z,22.8,68.7
20260623T150817Z,22.6,68.9
20260623T150833Z,22.5,68.0
20260623T150847Z,22.3,68.1
20260623T150903Z,22.2,67.5
20260623T150917Z,22.0,67.6
20260623T150933Z,22.0,68.2
20260623T150948Z,21.9,66.4
20260623T151003Z,21.8,66.7
20260623T151017Z,21.6,66.4
20260623T151032Z,21.5,66.3
20260623T151048Z,21.4,66.3
20260623T151102Z,21.3,65.7
20260623T151118Z,21.2,65.2
20260623T151132Z,21.1,65.3
20260623T151148Z,21.1,65.5
20260623T151202Z,21.0,64.2
20260623T151218Z,20.9,64.5
20260623T151232Z,20.8,64.3
20260623T151248Z,20.8,63.9
20260623T151302Z,20.7,63.4
20260623T151318Z,20.7,63.3
20260623T151332Z,20.6,62.8
20260623T151348Z,20.6,63.0
20260623T151402Z,20.5,62.9
20260623T151418Z,20.5,62.6
20260623T151432Z,20.4,62.3
20260623T151448Z,20.4,64.9
20260623T151502Z,20.4,68.0
20260623T151518Z,20.6,71.4
20260623T151532Z,20.7,72.7
20260623T151548Z,20.9,73.2
20260623T151602Z,21.2,73.9
20260623T151618Z,21.4,74.1
20260623T151632Z,21.5,74.3
20260623T151648Z,21.7,74.4
20260623T151703Z,21.9,74.7
20260623T151717Z,22.1,75.0
20260623T151733Z,22.2,75.7
20260623T151747Z,22.3,76.2
20260623T151803Z,22.5,76.2
20260623T151817Z,22.6,76.3
20260623T151833Z,22.7,76.8
20260623T151847Z,22.8,77.3
20260623T151903Z,22.9,77.6
20260623T151918Z,23.0,78.0
20260623T151932Z,23.1,77.2
20260623T151947Z,23.2,76.7
20260623T152002Z,23.2,73.2
20260623T152017Z,23.0,71.3
20260623T152032Z,22.8,70.4
20260623T152048Z,22.6,70.2
20260623T152103Z,22.5,69.6
20260623T152117Z,22.2,69.4
20260623T152133Z,22.1,70.4
20260623T152147Z,21.9,69.7
20260623T152203Z,21.8,68.9
20260623T152217Z,21.6,69.4
20260623T152233Z,21.5,68.7
20260623T152247Z,21.4,67.8
20260623T152302Z,21.3,68.0
20260623T152317Z,21.2,68.0
20260623T152333Z,21.1,67.2
20260623T152347Z,20.9,66.6
20260623T152403Z,20.9,67.2
20260623T152417Z,20.8,66.7
20260623T152433Z,20.7,66.8
20260623T152447Z,20.7,66.2
20260623T152503Z,20.6,65.9
20260623T152518Z,20.6,65.2
20260623T152532Z,20.5,65.2
20260623T152548Z,20.4,64.7
20260623T152603Z,20.3,64.5
20260623T152618Z,20.3,65.5
20260623T152632Z,20.3,69.2
20260623T152648Z,20.5,72.5
20260623T152702Z,20.6,74.6
20260623T152717Z,20.8,75.0
20260623T152733Z,21.0,75.5
20260623T152747Z,21.2,75.6
20260623T152803Z,21.4,76.2
20260623T152818Z,21.6,76.3
20260623T152832Z,21.8,76.1
20260623T152848Z,21.9,76.9
20260623T152902Z,22.1,77.1
20260623T152918Z,22.2,77.2
20260623T152933Z,22.3,77.5
20260623T152947Z,22.4,77.8
20260623T153003Z,22.6,78.1
20260623T153017Z,22.7,78.6
20260623T153033Z,22.8,78.8
20260623T153047Z,22.9,79.1
20260623T153103Z,23.0,79.2
20260623T153117Z,23.0,79.9
20260623T153133Z,23.1,79.7
20260623T153147Z,23.2,78.5
20260623T153203Z,23.2,75.8
20260623T153217Z,23.1,73.1
20260623T153232Z,22.9,72.6
20260623T153247Z,22.7,72.1
20260623T153303Z,22.6,71.9
20260623T153318Z,22.4,71.7
20260623T153333Z,22.3,71.5
20260623T153347Z,22.2,70.6
20260623T153403Z,22.0,70.0
20260623T153418Z,21.9,69.5
20260623T153432Z,21.7,69.6
20260623T153448Z,21.6,69.6
20260623T153502Z,21.4,68.6
20260623T153517Z,21.3,68.3
20260623T153533Z,21.1,68.7
20260623T153548Z,21.0,68.5
20260623T153602Z,20.9,67.3
20260623T153618Z,20.8,67.1
20260623T153633Z,20.7,66.9
20260623T153648Z,20.6,66.7
20260623T153702Z,20.5,66.3
20260623T153718Z,20.4,66.5
20260623T153732Z,20.3,66.6
20260623T153748Z,20.2,66.2
20260623T153802Z,20.1,66.8
20260623T153817Z,20.2,70.6
20260623T153833Z,20.3,74.3
20260623T153847Z,20.4,75.6
20260623T153902Z,20.6,76.4
20260623T153917Z,20.9,78.9
20260623T153932Z,21.1,79.2
20260623T153948Z,21.4,79.3
20260623T154002Z,21.6,79.9
20260623T154018Z,21.8,79.6
20260623T154032Z,21.9,79.7
20260623T154048Z,22.1,79.8
20260623T154102Z,22.2,79.9
20260623T154118Z,22.4,80.2
20260623T154132Z,22.5,80.0
20260623T154148Z,22.6,80.1
20260623T154203Z,22.7,80.4
20260623T154218Z,22.8,80.6
20260623T154233Z,22.9,80.8
20260623T154248Z,23.0,80.7
20260623T154302Z,23.1,81.0
20260623T154318Z,23.1,78.9
20260623T154332Z,23.2,78.0
20260623T154348Z,23.1,74.5
20260623T154402Z,22.9,73.5
20260623T154417Z,22.7,72.9
20260623T154433Z,22.4,72.5
20260623T154447Z,22.2,71.9
20260623T154503Z,22.0,72.6
20260623T154519Z,21.8,72.5
20260623T154533Z,21.7,72.5
20260623T154548Z,21.6,72.5
20260623T154603Z,21.5,71.5
20260623T154618Z,21.4,71.5
20260623T154633Z,21.3,70.7
20260623T154648Z,21.2,69.7
20260623T154703Z,21.1,69.9
20260623T154718Z,21.0,69.4
20260623T154733Z,20.9,68.6
20260623T154748Z,20.8,68.5
20260623T154803Z,20.7,68.4
20260623T154818Z,20.6,68.0
20260623T154833Z,20.5,67.6
20260623T154848Z,20.4,67.1
20260623T154903Z,20.3,67.8
20260623T154918Z,20.3,70.8
20260623T154933Z,20.4,74.2
20260623T154948Z,20.5,76.3
20260623T155003Z,20.7,77.5
20260623T155018Z,20.9,78.4
20260623T155033Z,21.0,78.2
20260623T155048Z,21.2,78.0
20260623T155103Z,21.4,78.4
20260623T155118Z,21.6,78.6
20260623T155133Z,21.7,78.6
20260623T155148Z,21.9,79.2
20260623T155203Z,22.0,79.5
20260623T155218Z,22.1,79.8
20260623T155233Z,22.2,79.8
20260623T155248Z,22.3,80.3
20260623T155303Z,22.4,80.4
20260623T155318Z,22.5,80.6
20260623T155333Z,22.6,80.6
20260623T155348Z,22.7,80.4
20260623T155403Z,22.8,81.0
20260623T155419Z,22.9,81.5
20260623T155433Z,23.0,81.4
20260623T155448Z,23.0,81.6
20260623T155503Z,23.1,81.9
20260623T155518Z,23.2,81.9
20260623T155533Z,23.3,81.2
20260623T155548Z,23.3,81.6
20260623T155603Z,23.4,78.9
20260623T155618Z,23.3,76.2
20260623T155633Z,23.2,74.9
20260623T155648Z,23.0,76.4
20260623T155703Z,22.9,74.0
20260623T155718Z,22.7,74.6
20260623T155733Z,22.5,73.7
20260623T155748Z,22.3,74.2
20260623T155803Z,22.1,73.5
20260623T155818Z,22.0,73.3
20260623T155833Z,21.9,73.6
20260623T155848Z,21.7,72.8
20260623T155903Z,21.6,73.6
20260623T155918Z,21.5,72.2
20260623T155933Z,21.5,72.4
20260623T155948Z,21.4,71.8
20260623T160003Z,21.4,71.7
20260623T160018Z,21.3,70.6
20260623T160033Z,21.3,70.3
20260623T160048Z,21.2,69.8
20260623T160103Z,21.2,70.7
20260623T160118Z,21.2,69.3
20260623T160133Z,21.2,68.3
20260623T160148Z,21.1,67.6
20260623T160203Z,21.0,67.3
20260623T160218Z,21.0,67.5
20260623T160233Z,20.9,67.4
20260623T160248Z,20.9,67.1
20260623T160303Z,20.9,66.9
20260623T160318Z,20.8,66.0
20260623T160333Z,20.8,65.4
20260623T160348Z,20.7,65.9
20260623T160403Z,20.7,67.8
20260623T160418Z,20.8,71.7
20260623T160433Z,20.9,74.8
20260623T160448Z,21.1,76.3
20260623T160503Z,21.3,75.7
20260623T160518Z,21.5,75.5
20260623T160533Z,21.7,76.1
20260623T160548Z,21.9,76.4
20260623T160603Z,22.0,76.7
20260623T160618Z,22.2,76.9
20260623T160633Z,22.3,76.8
20260623T160648Z,22.5,77.6
20260623T160703Z,22.6,77.7
20260623T160718Z,22.7,78.0
20260623T160733Z,22.8,78.2
20260623T160748Z,22.9,78.9
20260623T160803Z,23.0,79.2
20260623T160818Z,23.1,79.8
20260623T160833Z,23.2,79.8
20260623T160848Z,23.3,79.6
20260623T160903Z,23.4,80.2
20260623T160918Z,23.5,80.0
20260623T160933Z,23.5,79.7
20260623T160948Z,23.6,79.4
20260623T161003Z,23.6,75.6
20260623T161018Z,23.5,73.7
20260623T161033Z,23.3,72.4
20260623T161048Z,23.1,72.3
20260623T161103Z,22.8,71.9
20260623T161118Z,22.6,72.1
20260623T161133Z,22.5,71.8
20260623T161148Z,22.3,71.9
20260623T161203Z,22.2,71.9
20260623T161218Z,22.2,71.4
20260623T161233Z,22.1,70.3
20260623T161248Z,21.9,70.5
20260623T161303Z,21.9,70.1
20260623T161318Z,21.8,69.6
20260623T161333Z,21.8,69.3
20260623T161348Z,21.7,68.5
20260623T161403Z,21.6,68.2
20260623T161418Z,21.6,67.4
20260623T161433Z,21.5,67.5
20260623T161448Z,21.4,67.3
20260623T161503Z,21.4,66.7
20260623T161518Z,21.3,66.4
20260623T161533Z,21.2,65.8
20260623T161548Z,21.2,65.6
20260623T161603Z,21.1,65.3
20260623T161618Z,21.1,65.3
20260623T161633Z,21.0,65.1
20260623T161648Z,21.0,66.8
20260623T161703Z,21.0,70.4
20260623T161718Z,21.1,73.9
20260623T161733Z,21.3,74.6
20260623T161748Z,21.5,75.1
20260623T161803Z,21.7,75.0
20260623T161818Z,21.8,75.1
20260623T161833Z,22.0,75.6
20260623T161848Z,22.2,75.1
20260623T161903Z,22.3,76.0
20260623T161918Z,22.4,76.5
20260623T161933Z,22.6,76.5
20260623T161948Z,22.7,76.8
20260623T162003Z,22.8,77.2
20260623T162018Z,22.9,77.7
20260623T162033Z,23.0,77.8
20260623T162048Z,23.1,78.3
20260623T162103Z,23.2,78.8
20260623T162118Z,23.2,79.0
20260623T162133Z,23.3,79.2
20260623T162148Z,23.4,79.5
20260623T162203Z,23.4,79.6
20260623T162218Z,23.5,77.5
20260623T162233Z,23.5,77.5
20260623T162248Z,23.5,73.4
20260623T162303Z,23.2,72.6
20260623T162318Z,23.0,72.1
20260623T162333Z,22.7,71.5
20260623T162348Z,22.5,72.1
20260623T162403Z,22.3,71.5
20260623T162418Z,22.2,71.2
20260623T162433Z,22.0,71.6
20260623T162448Z,21.9,71.2
20260623T162503Z,21.8,70.7
20260623T162518Z,21.6,70.4
20260623T162533Z,21.5,69.7
20260623T162548Z,21.4,69.3
20260623T162603Z,21.2,69.4
20260623T162618Z,21.1,69.5
20260623T162633Z,21.1,69.0
20260623T162648Z,21.0,68.4
20260623T162703Z,20.9,68.7
20260623T162718Z,20.9,68.5
20260623T162733Z,20.8,67.4
20260623T162748Z,20.8,67.0
20260623T162803Z,20.7,66.8
20260623T162818Z,20.6,66.6
20260623T162833Z,20.6,66.2
20260623T162848Z,20.6,66.8
20260623T162903Z,20.6,70.7
20260623T162918Z,20.7,73.5
20260623T162933Z,20.8,75.0
20260623T162948Z,21.0,76.0
20260623T163003Z,21.2,76.3
20260623T163018Z,21.4,75.9
20260623T163033Z,21.6,76.6
20260623T163048Z,21.8,77.1
20260623T163103Z,21.9,76.5
20260623T163118Z,22.1,77.0
20260623T163133Z,22.3,77.3
20260623T163148Z,22.3,77.7
20260623T163203Z,22.5,77.9
20260623T163218Z,22.6,78.2
20260623T163233Z,22.7,78.5
20260623T163248Z,22.8,78.9
20260623T163303Z,22.9,79.3
20260623T163318Z,22.9,79.4
20260623T163333Z,23.0,79.4
20260623T163348Z,23.1,79.9
20260623T163403Z,23.2,79.8
20260623T163418Z,23.3,79.6
20260623T163433Z,23.3,80.4
20260623T163448Z,23.4,80.6
20260623T163503Z,23.5,78.8
20260623T163518Z,23.5,79.1
20260623T163533Z,23.4,74.4
20260623T163548Z,23.3,73.9
20260623T163603Z,23.0,72.8
20260623T163618Z,22.8,72.5
20260623T163633Z,22.5,72.2
20260623T163648Z,22.3,72.1
20260623T163703Z,22.1,72.7
20260623T163718Z,21.9,72.1
20260623T163733Z,21.8,71.8
20260623T163748Z,21.6,71.8
20260623T163803Z,21.5,71.2
20260623T163818Z,21.5,71.2
20260623T163833Z,21.4,71.4
20260623T163848Z,21.3,70.4
20260623T163903Z,21.3,69.6
20260623T163918Z,21.2,68.9
20260623T163933Z,21.1,68.8
20260623T163948Z,21.0,67.9
20260623T164003Z,21.0,68.3
20260623T164018Z,20.9,68.2
20260623T164033Z,20.8,67.6
20260623T164048Z,20.8,66.9
20260623T164103Z,20.7,66.3
20260623T164118Z,20.6,66.9
20260623T164133Z,20.6,69.2
20260623T164148Z,20.7,72.7
20260623T164203Z,20.8,75.0
20260623T164218Z,21.0,76.6
20260623T164233Z,21.2,76.1
20260623T164248Z,21.3,76.2
20260623T164303Z,21.5,76.1
20260623T164318Z,21.7,76.4
20260623T164333Z,21.9,77.1
20260623T164348Z,22.0,77.3
20260623T164403Z,22.2,77.7
20260623T164418Z,22.3,77.6
20260623T164433Z,22.4,77.8
20260623T164448Z,22.6,78.0
20260623T164503Z,22.7,78.6
20260623T164519Z,22.8,78.9
20260623T164534Z,22.9,79.3
20260623T164548Z,22.9,79.0
20260623T164603Z,23.0,79.2
20260623T164618Z,23.1,79.7
20260623T164633Z,23.2,80.1
20260623T164648Z,23.3,80.2
20260623T164703Z,23.3,80.1
20260623T164718Z,23.4,80.2
20260623T164733Z,23.5,80.3
20260623T164748Z,23.5,79.4
20260623T164803Z,23.5,76.5
20260623T164818Z,23.4,74.2
20260623T164833Z,23.2,72.9
20260623T164848Z,23.0,72.5
20260623T164903Z,22.8,72.7
20260623T164918Z,22.5,72.1
20260623T164933Z,22.3,72.5
20260623T164948Z,22.2,72.7
20260623T165003Z,22.1,72.1
20260623T165018Z,22.0,71.3
20260623T165033Z,21.9,70.8
20260623T165048Z,21.8,71.3
20260623T165103Z,21.7,70.6
20260623T165118Z,21.6,69.6
20260623T165133Z,21.6,69.4
20260623T165148Z,21.6,69.1
20260623T165203Z,21.5,68.3
20260623T165218Z,21.5,68.3
20260623T165233Z,21.4,67.5
20260623T165248Z,21.3,66.7
20260623T165303Z,21.3,67.0
20260623T165318Z,21.2,65.7
20260623T165333Z,21.1,66.0
20260623T165348Z,21.1,66.0
20260623T165403Z,21.0,65.0
20260623T165418Z,20.9,68.3
20260623T165433Z,21.0,71.8
20260623T165448Z,21.0,74.0
20260623T165503Z,21.2,75.0
20260623T165518Z,21.4,74.6
20260623T165533Z,21.5,75.2
20260623T165548Z,21.7,75.5
20260623T165603Z,21.9,75.5
20260623T165618Z,22.0,76.4
20260623T165633Z,22.1,77.1
20260623T165648Z,22.3,76.7
20260623T165703Z,22.4,77.0
20260623T165718Z,22.5,77.9
20260623T165733Z,22.6,77.6
20260623T165748Z,22.7,77.8
20260623T165803Z,22.8,78.2
20260623T165818Z,22.9,78.6
20260623T165833Z,23.0,78.9
20260623T165848Z,23.1,79.1
20260623T165903Z,23.2,79.3
20260623T165918Z,23.2,79.6
20260623T165933Z,23.3,79.8
20260623T165948Z,23.4,80.2
20260623T170003Z,23.4,80.2
20260623T170018Z,23.5,80.5
20260623T170033Z,23.6,78.2
20260623T170048Z,23.6,78.7
20260623T170103Z,23.6,74.9
20260623T170118Z,23.4,73.8
20260623T170133Z,23.2,72.7
20260623T170148Z,22.9,72.5
20260623T170203Z,22.6,72.5
20260623T170218Z,22.4,71.9
20260623T170233Z,22.2,72.3
20260623T170248Z,22.1,72.2
20260623T170303Z,22.0,72.1
20260623T170318Z,21.9,71.8
20260623T170333Z,21.9,71.2
20260623T170348Z,21.8,70.7
20260623T170403Z,21.7,70.2
20260623T170418Z,21.7,70.0
20260623T170433Z,21.6,69.1
20260623T170448Z,21.6,68.5
20260623T170503Z,21.5,68.1
20260623T170518Z,21.5,67.9
20260623T170533Z,21.4,67.6
20260623T170548Z,21.3,67.0
20260623T170603Z,21.3,66.1
20260623T170619Z,21.1,66.2
20260623T170634Z,21.1,65.0
20260623T170648Z,21.0,65.7
20260623T170703Z,20.9,67.8
20260623T170718Z,20.9,71.2
20260623T170733Z,21.0,73.2
20260623T170748Z,21.2,75.2
20260623T170803Z,21.3,75.4
20260623T170818Z,21.5,75.2
20260623T170833Z,21.7,75.6
20260623T170848Z,21.9,75.6
20260623T170903Z,22.0,76.3
20260623T170918Z,22.1,76.6
20260623T170933Z,22.3,77.3
20260623T170948Z,22.4,77.5
20260623T171003Z,22.5,77.7
20260623T171018Z,22.6,77.9
20260623T171033Z,22.7,78.0
20260623T171048Z,22.8,78.5
20260623T171103Z,22.9,78.6
20260623T171118Z,23.0,78.7
20260623T171133Z,23.1,79.1
20260623T171148Z,23.1,79.3
20260623T171203Z,23.2,79.5
20260623T171218Z,23.3,79.7
20260623T171233Z,23.4,80.3
20260623T171248Z,23.4,80.3
20260623T171303Z,23.5,80.4
20260623T171318Z,23.5,78.2
20260623T171333Z,23.6,79.2
20260623T171348Z,23.6,75.4
20260623T171403Z,23.4,73.2
20260623T171418Z,23.2,72.7
20260623T171433Z,22.9,72.7
20260623T171448Z,22.6,72.2
20260623T171503Z,22.4,72.1
20260623T171518Z,22.2,71.6
20260623T171533Z,22.1,72.1
20260623T171548Z,22.0,71.8
20260623T171603Z,21.8,71.6
20260623T171618Z,21.8,71.5
20260623T171633Z,21.7,70.4
20260623T171648Z,21.6,70.4
20260623T171703Z,21.6,70.2
20260623T171718Z,21.5,70.1
20260623T171733Z,21.4,69.0
20260623T171748Z,21.4,68.5
20260623T171803Z,21.3,67.7
20260623T171818Z,21.2,67.7
20260623T171833Z,21.1,67.5
20260623T171848Z,21.0,66.7
20260623T171903Z,20.9,66.8
20260623T171919Z,20.8,66.8
20260623T171934Z,20.8,66.5
20260623T171948Z,20.8,70.8
20260623T172003Z,20.8,73.5
20260623T172019Z,20.9,75.6
20260623T172034Z,21.1,75.5
20260623T172048Z,21.3,75.9
20260623T172103Z,21.5,76.7
20260623T172118Z,21.7,75.5
20260623T172133Z,21.8,77.2
20260623T172148Z,22.0,76.9
20260623T172203Z,22.1,76.9
20260623T172218Z,22.3,77.3
20260623T172233Z,22.4,77.6
20260623T172248Z,22.5,78.0
20260623T172303Z,22.6,78.3
20260623T172318Z,22.7,78.0
20260623T172333Z,22.8,78.8
20260623T172348Z,22.9,78.9
20260623T172403Z,23.0,79.1
20260623T172418Z,23.0,79.6
20260623T172433Z,23.1,79.9
20260623T172448Z,23.2,80.0
20260623T172503Z,23.2,80.2
20260623T172518Z,23.3,80.4
20260623T172533Z,23.4,80.2
20260623T172548Z,23.5,80.9
20260623T172603Z,23.5,78.9
20260623T172618Z,23.5,78.0
20260623T172633Z,23.5,74.2
20260623T172648Z,23.2,73.6
20260623T172703Z,23.0,72.4
20260623T172718Z,22.6,73.1
20260623T172733Z,22.4,72.8
20260623T172748Z,22.2,72.6
20260623T172803Z,22.1,73.4
20260623T172818Z,22.1,72.5
20260623T172833Z,22.0,72.3
20260623T172848Z,21.9,70.8
20260623T172903Z,21.8,70.5
20260623T172918Z,21.7,70.8
20260623T172933Z,21.5,70.1
20260623T172948Z,21.5,69.9
20260623T173003Z,21.4,69.1
20260623T173018Z,21.2,69.0
20260623T173033Z,21.1,69.0
20260623T173048Z,21.1,68.1
20260623T173103Z,20.9,67.9
20260623T173118Z,20.8,67.6